Job_ID,Category_Normalized,Workplace_Standardized,Employment_Type,Priority_Class,Demand_Score_Normalized,Is_Active,Created_At,entity_type,Location_ID,City_Normalized,Country_Normalized,Geographic_Region,Department_ID,Department,Department_Category,Category_ID
JOB_000001,Business Analyst,Remote,Full-Time,Normal-High,26.92,True,2026-02-23 17:13:21,Job,,,,,,,,
JOB_000002,Business Analyst,Remote,Full-Time,Normal-High,7.69,True,2026-02-23 17:13:21,Job,,,,,,,,
JOB_000003,Business Analyst,On-Site,Full-Time,Normal,3.85,True,2026-02-23 17:13:21,Job,,,,,,,,
JOB_000004,Business Analyst,On-Site,Full-Time,Normal,100.0,True,2026-02-23 17:13:21,Job,,,,,,,,
JOB_000009,Business Analyst,Remote,Not Specified,Normal,100.0,True,2026-02-23 17:13:21,Job,,,,,,,,
JOB_000011,Business Analyst,On-Site,Full-Time,Normal,5.77,True,2026-02-23 17:13:21,Job,,,,,,,,
JOB_000012,Business Analyst,Remote,Full-Time,Premium,46.15,True,2026-02-23 17:13:21,Job,,,,,,,,
JOB_000013,Business Analyst,Hybrid,Full-Time,Normal-High,100.0,True,2026-02-23 17:13:21,Job,,,,,,,,
JOB_000014,Business Analyst,Hybrid,Full-Time,Normal-High,100.0,True,2026-02-23 17:13:21,Job,,,,,,,,
JOB_000015,Business Analyst,Hybrid,Full-Time,Normal-High,1.92,True,2026-02-23 17:13:21,Job,,,,,,,,
JOB_000016,Business Analyst,On-Site,Contract,Normal,1.92,True,2026-02-23 17:13:21,Job,,,,,,,,
JOB_000017,Business Analyst,Remote,Full-Time,Premium,1.92,True,2026-02-23 17:13:21,Job,,,,,,,,
JOB_000018,Business Analyst,On-Site,Full-Time,Normal,5.77,True,2026-02-23 17:13:21,Job,,,,,,,,
JOB_000029,Business Analyst,Remote,Full-Time,Normal-High,30.77,True,2026-02-23 17:13:21,Job,,,,,,,,
JOB_000030,Business Analyst,On-Site,Full-Time,Normal,3.85,True,2026-02-23 17:13:21,Job,,,,,,,,
JOB_000031,Business Analyst,On-Site,Not Specified,Normal,1.92,True,2026-02-23 17:13:21,Job,,,,,,,,
JOB_000032,Business Analyst,Hybrid,Not Specified,Normal,5.77,True,2026-02-23 17:13:21,Job,,,,,,,,
JOB_000033,Business Analyst,Remote,Full-Time,Normal-High,13.46,True,2026-02-23 17:13:21,Job,,,,,,,,
JOB_000034,Business Analyst,On-Site,Full-Time,Normal,13.46,True,2026-02-23 17:13:21,Job,,,,,,,,
JOB_000035,Business Analyst,On-Site,Full-Time,Normal,3.85,True,2026-02-23 17:13:21,Job,,,,,,,,
JOB_000036,Business Analyst,On-Site,Not Specified,Normal,100.0,True,2026-02-23 17:13:21,Job,,,,,,,,
JOB_000038,Business Analyst,On-Site,Full-Time,Normal,13.46,True,2026-02-23 17:13:21,Job,,,,,,,,
JOB_000049,Business Analyst,On-Site,Full-Time,Normal,3.85,True,2026-02-23 17:13:21,Job,,,,,,,,
JOB_000050,Business Analyst,On-Site,Full-Time,Normal,1.92,True,2026-02-23 17:13:21,Job,,,,,,,,
JOB_000051,Business Analyst,Hybrid,Full-Time,Normal-High,3.85,True,2026-02-23 17:13:21,Job,,,,,,,,
JOB_000052,Business Analyst,Hybrid,Full-Time,Normal-High,3.85,True,2026-02-23 17:13:21,Job,,,,,,,,
JOB_000053,Business Analyst,Remote,Full-Time,Normal-High,1.92,True,2026-02-23 17:13:21,Job,,,,,,,,
JOB_000054,Business Analyst,On-Site,Full-Time,Normal,1.92,True,2026-02-23 17:13:21,Job,,,,,,,,
JOB_000056,Business Analyst,On-Site,Not Specified,Normal,100.0,True,2026-02-23 17:13:21,Job,,,,,,,,
JOB_000057,Business Analyst,Hybrid,Not Specified,Normal,30.77,True,2026-02-23 17:13:21,Job,,,,,,,,
JOB_000067,Business Analyst,On-Site,Full-Time,Normal,11.54,True,2026-02-23 17:13:21,Job,,,,,,,,
JOB_000069,Business Analyst,On-Site,Not Specified,Normal,1.92,True,2026-02-23 17:13:21,Job,,,,,,,,
JOB_000070,Business Analyst,On-Site,Full-Time,Normal,7.69,True,2026-02-23 17:13:21,Job,,,,,,,,
JOB_000071,Business Analyst,Hybrid,Full-Time,Normal-High,11.54,True,2026-02-23 17:13:21,Job,,,,,,,,
JOB_000072,Business Analyst,On-Site,Not Specified,Normal,3.85,True,2026-02-23 17:13:21,Job,,,,,,,,
JOB_000073,Business Analyst,Remote,Contract,Normal,1.92,True,2026-02-23 17:13:21,Job,,,,,,,,
JOB_000075,Business Analyst,Hybrid,Full-Time,Normal-High,30.77,True,2026-02-23 17:13:21,Job,,,,,,,,
JOB_000079,Business Analyst,Unknown,Full-Time,Normal,7.69,True,2026-02-23 17:13:21,Job,,,,,,,,
JOB_000085,Business Analyst,On-Site,Full-Time,Normal,11.54,True,2026-02-23 17:13:21,Job,,,,,,,,
JOB_000088,Business Analyst,On-Site,Full-Time,Normal,1.92,True,2026-02-23 17:13:21,Job,,,,,,,,
JOB_000089,Business Analyst,Remote,Full-Time,Normal-High,5.77,True,2026-02-23 17:13:21,Job,,,,,,,,
JOB_000090,Business Analyst,On-Site,Full-Time,Normal,1.92,True,2026-02-23 17:13:21,Job,,,,,,,,
JOB_000092,Business Analyst,Remote,Not Specified,Normal,3.85,True,2026-02-23 17:13:21,Job,,,,,,,,
JOB_000093,Business Analyst,On-Site,Full-Time,Normal,19.23,True,2026-02-23 17:13:21,Job,,,,,,,,
JOB_000094,Business Analyst,On-Site,Full-Time,Normal,7.69,True,2026-02-23 17:13:21,Job,,,,,,,,
JOB_000095,Business Analyst,On-Site,Full-Time,Normal,3.85,True,2026-02-23 17:13:21,Job,,,,,,,,
JOB_000096,Business Analyst,Remote,Full-Time,Premium,100.0,True,2026-02-23 17:13:21,Job,,,,,,,,
JOB_000097,Business Analyst,Hybrid,Full-Time,Normal-High,100.0,True,2026-02-23 17:13:21,Job,,,,,,,,
JOB_000098,Business Analyst,Remote,Full-Time,Normal-High,1.92,True,2026-02-23 17:13:21,Job,,,,,,,,
JOB_000100,Business Analyst,On-Site,Full-Time,Normal,1.92,True,2026-02-23 17:13:21,Job,,,,,,,,
JOB_000101,Business Analyst,Hybrid,Full-Time,Normal-High,3.85,True,2026-02-23 17:13:21,Job,,,,,,,,
JOB_000102,Business Analyst,On-Site,Contract,Normal,19.23,True,2026-02-23 17:13:21,Job,,,,,,,,
JOB_000103,Business Analyst,On-Site,Full-Time,Normal,100.0,True,2026-02-23 17:13:21,Job,,,,,,,,
JOB_000104,Business Analyst,On-Site,Not Specified,Normal,3.85,True,2026-02-23 17:13:21,Job,,,,,,,,
JOB_000105,Business Analyst,Hybrid,Full-Time,Normal-High,9.62,True,2026-02-23 17:13:21,Job,,,,,,,,
JOB_000106,Business Analyst,On-Site,Full-Time,Normal,30.77,True,2026-02-23 17:13:21,Job,,,,,,,,
JOB_000107,Business Analyst,On-Site,Contract,Normal,1.92,True,2026-02-23 17:13:21,Job,,,,,,,,
JOB_000108,Business Analyst,On-Site,Contract,Normal,9.62,True,2026-02-23 17:13:21,Job,,,,,,,,
JOB_000109,Business Analyst,On-Site,Not Specified,Normal,1.92,True,2026-02-23 17:13:21,Job,,,,,,,,
JOB_000110,Business Analyst,Remote,Full-Time,Premium,9.62,True,2026-02-23 17:13:21,Job,,,,,,,,
JOB_000112,Business Analyst,On-Site,Full-Time,Normal,5.77,True,2026-02-23 17:13:21,Job,,,,,,,,
JOB_000113,Business Analyst,Hybrid,Full-Time,Normal-High,1.92,True,2026-02-23 17:13:21,Job,,,,,,,,
JOB_000114,Business Analyst,Unknown,Full-Time,Normal,3.85,True,2026-02-23 17:13:21,Job,,,,,,,,
JOB_000116,Business Analyst,Remote,Not Specified,Normal,5.77,True,2026-02-23 17:13:21,Job,,,,,,,,
JOB_000117,Business Analyst,Hybrid,Full-Time,Normal-High,15.38,True,2026-02-23 17:13:21,Job,,,,,,,,
JOB_000118,Business Analyst,Remote,Not Specified,Normal,23.08,True,2026-02-23 17:13:21,Job,,,,,,,,
JOB_000120,Business Analyst,On-Site,Full-Time,Normal,19.23,True,2026-02-23 17:13:21,Job,,,,,,,,
JOB_000121,Business Analyst,On-Site,Full-Time,Normal,3.85,True,2026-02-23 17:13:21,Job,,,,,,,,
JOB_000122,Business Analyst,On-Site,Full-Time,Normal,36.54,True,2026-02-23 17:13:21,Job,,,,,,,,
JOB_000123,Business Analyst,Hybrid,Full-Time,Normal-High,1.92,True,2026-02-23 17:13:21,Job,,,,,,,,
JOB_000125,Business Analyst,Remote,Not Specified,Normal,7.69,True,2026-02-23 17:13:21,Job,,,,,,,,
JOB_000127,Business Analyst,On-Site,Full-Time,Normal,3.85,True,2026-02-23 17:13:21,Job,,,,,,,,
JOB_000128,Business Analyst,On-Site,Contract,Normal,100.0,True,2026-02-23 17:13:21,Job,,,,,,,,
JOB_000129,Business Analyst,On-Site,Full-Time,Normal,1.92,True,2026-02-23 17:13:21,Job,,,,,,,,
JOB_000130,Business Analyst,On-Site,Full-Time,Normal,19.23,True,2026-02-23 17:13:21,Job,,,,,,,,
JOB_000131,Business Analyst,Remote,Full-Time,Premium,19.23,True,2026-02-23 17:13:21,Job,,,,,,,,
JOB_000132,Business Analyst,On-Site,Full-Time,Normal,1.92,True,2026-02-23 17:13:21,Job,,,,,,,,
JOB_000133,Business Analyst,Remote,Not Specified,Normal,13.46,True,2026-02-23 17:13:21,Job,,,,,,,,
JOB_000134,Business Analyst,On-Site,Full-Time,Normal,7.69,True,2026-02-23 17:13:21,Job,,,,,,,,
JOB_000136,Business Analyst,Hybrid,Full-Time,Normal-High,100.0,True,2026-02-23 17:13:21,Job,,,,,,,,
JOB_000137,Business Analyst,On-Site,Full-Time,Normal,1.92,True,2026-02-23 17:13:21,Job,,,,,,,,
JOB_000138,Business Analyst,Hybrid,Full-Time,Normal-High,30.77,True,2026-02-23 17:13:21,Job,,,,,,,,
JOB_000139,Business Analyst,Hybrid,Full-Time,Normal-High,100.0,True,2026-02-23 17:13:21,Job,,,,,,,,
JOB_000140,Business Analyst,Remote,Full-Time,Normal-High,7.69,True,2026-02-23 17:13:21,Job,,,,,,,,
JOB_000141,Business Analyst,Hybrid,Not Specified,Normal,5.77,True,2026-02-23 17:13:21,Job,,,,,,,,
JOB_000142,Business Analyst,Hybrid,Full-Time,Normal-High,3.85,True,2026-02-23 17:13:21,Job,,,,,,,,
JOB_000143,Business Analyst,Hybrid,Full-Time,Normal-High,5.77,True,2026-02-23 17:13:21,Job,,,,,,,,
JOB_000144,Business Analyst,Remote,Contract,Normal,46.15,True,2026-02-23 17:13:21,Job,,,,,,,,
JOB_000146,Business Analyst,Hybrid,Full-Time,Normal-High,1.92,True,2026-02-23 17:13:21,Job,,,,,,,,
JOB_000147,Business Analyst,On-Site,Not Specified,Normal,21.15,True,2026-02-23 17:13:21,Job,,,,,,,,
JOB_000148,Business Analyst,Hybrid,Full-Time,Normal-High,5.77,True,2026-02-23 17:13:21,Job,,,,,,,,
JOB_000149,Business Analyst,On-Site,Full-Time,Normal,19.23,True,2026-02-23 17:13:21,Job,,,,,,,,
JOB_000150,Business Analyst,On-Site,Full-Time,Normal,3.85,True,2026-02-23 17:13:21,Job,,,,,,,,
JOB_000151,Business Analyst,On-Site,Full-Time,Normal,3.85,True,2026-02-23 17:13:21,Job,,,,,,,,
JOB_000152,Business Analyst,Remote,Contract,Normal,100.0,True,2026-02-23 17:13:21,Job,,,,,,,,
JOB_000154,Business Analyst,On-Site,Full-Time,Normal,1.92,True,2026-02-23 17:13:21,Job,,,,,,,,
JOB_000155,Business Analyst,On-Site,Full-Time,Normal,36.54,True,2026-02-23 17:13:21,Job,,,,,,,,
JOB_000156,Business Analyst,Remote,Full-Time,Premium,3.85,True,2026-02-23 17:13:21,Job,,,,,,,,
JOB_000157,Business Analyst,On-Site,Full-Time,Normal,21.15,True,2026-02-23 17:13:21,Job,,,,,,,,
JOB_000158,Business Analyst,Remote,Full-Time,Normal-High,3.85,True,2026-02-23 17:13:21,Job,,,,,,,,
JOB_000159,Business Analyst,On-Site,Full-Time,Normal,3.85,True,2026-02-23 17:13:21,Job,,,,,,,,
JOB_000160,Business Analyst,On-Site,Not Specified,Normal,19.23,True,2026-02-23 17:13:21,Job,,,,,,,,
JOB_000161,Business Analyst,Hybrid,Part-Time,Normal,1.92,True,2026-02-23 17:13:21,Job,,,,,,,,
JOB_000162,Business Analyst,Remote,Contract,Normal,5.77,True,2026-02-23 17:13:21,Job,,,,,,,,
JOB_000163,Business Analyst,On-Site,Full-Time,Normal,1.92,True,2026-02-23 17:13:21,Job,,,,,,,,
JOB_000164,Business Analyst,On-Site,Full-Time,Normal,7.69,True,2026-02-23 17:13:21,Job,,,,,,,,
JOB_000165,Business Analyst,On-Site,Full-Time,Normal,9.62,True,2026-02-23 17:13:21,Job,,,,,,,,
JOB_000176,Cloud,Remote,Full-Time,Premium,9.62,True,2026-02-23 17:13:21,Job,,,,,,,,
JOB_000177,Cloud,Hybrid,Full-Time,Normal-High,1.92,True,2026-02-23 17:13:21,Job,,,,,,,,
JOB_000178,Cloud,On-Site,Full-Time,Normal,21.15,True,2026-02-23 17:13:21,Job,,,,,,,,
JOB_000179,Cloud,Hybrid,Full-Time,Normal-High,9.62,True,2026-02-23 17:13:21,Job,,,,,,,,
JOB_000180,Cloud,On-Site,Not Specified,Normal,5.77,True,2026-02-23 17:13:21,Job,,,,,,,,
JOB_000181,Cloud,Remote,Full-Time,Normal-High,21.15,True,2026-02-23 17:13:21,Job,,,,,,,,
JOB_000182,Cloud,On-Site,Full-Time,Normal,1.92,True,2026-02-23 17:13:21,Job,,,,,,,,
JOB_000183,Cloud,On-Site,Not Specified,Normal,30.77,True,2026-02-23 17:13:21,Job,,,,,,,,
JOB_000184,Cloud,On-Site,Full-Time,Normal,21.15,True,2026-02-23 17:13:21,Job,,,,,,,,
JOB_000192,Cloud,Unknown,Not Specified,Normal,30.77,True,2026-02-23 17:13:21,Job,,,,,,,,
JOB_000203,Cloud,Remote,Full-Time,Normal-High,7.69,True,2026-02-23 17:13:21,Job,,,,,,,,
JOB_000204,Cloud,Hybrid,Full-Time,Normal-High,11.54,True,2026-02-23 17:13:21,Job,,,,,,,,
JOB_000205,Cloud,Remote,Not Specified,Normal,13.46,True,2026-02-23 17:13:21,Job,,,,,,,,
JOB_000206,Cloud,Remote,Full-Time,Normal-High,26.92,True,2026-02-23 17:13:21,Job,,,,,,,,
JOB_000207,Cloud,Remote,Full-Time,Premium,13.46,True,2026-02-23 17:13:21,Job,,,,,,,,
JOB_000208,Cloud,Remote,Full-Time,Normal-High,36.54,True,2026-02-23 17:13:21,Job,,,,,,,,
JOB_000209,Cloud,Hybrid,Full-Time,Normal-High,30.77,True,2026-02-23 17:13:21,Job,,,,,,,,
JOB_000210,Cloud,On-Site,Full-Time,Normal,5.77,True,2026-02-23 17:13:21,Job,,,,,,,,
JOB_000211,Cloud,Remote,Full-Time,Normal-High,5.77,True,2026-02-23 17:13:21,Job,,,,,,,,
JOB_000212,Cloud,Remote,Full-Time,Normal-High,46.15,True,2026-02-23 17:13:21,Job,,,,,,,,
JOB_000213,Cloud,Remote,Full-Time,Normal-High,46.15,True,2026-02-23 17:13:21,Job,,,,,,,,
JOB_000215,Cloud,Remote,Not Specified,Normal,5.77,True,2026-02-23 17:13:21,Job,,,,,,,,
JOB_000216,Cloud,Remote,Full-Time,Normal-High,3.85,True,2026-02-23 17:13:21,Job,,,,,,,,
JOB_000217,Cloud,Remote,Full-Time,Premium,5.77,True,2026-02-23 17:13:21,Job,,,,,,,,
JOB_000218,Cloud,On-Site,Full-Time,Normal,5.77,True,2026-02-23 17:13:21,Job,,,,,,,,
JOB_000219,Cloud,On-Site,Not Specified,Normal,5.77,True,2026-02-23 17:13:21,Job,,,,,,,,
JOB_000220,Cloud,Remote,Full-Time,Premium,13.46,True,2026-02-23 17:13:21,Job,,,,,,,,
JOB_000221,Cloud,Remote,Full-Time,Normal-High,3.85,True,2026-02-23 17:13:21,Job,,,,,,,,
JOB_000222,Cloud,Hybrid,Full-Time,Normal-High,30.77,True,2026-02-23 17:13:21,Job,,,,,,,,
JOB_000223,Cloud,Remote,Full-Time,Normal-High,1.92,True,2026-02-23 17:13:21,Job,,,,,,,,
JOB_000224,Cloud,On-Site,Full-Time,Normal,3.85,True,2026-02-23 17:13:21,Job,,,,,,,,
JOB_000225,Cloud,On-Site,Full-Time,Normal,21.15,True,2026-02-23 17:13:21,Job,,,,,,,,
JOB_000226,Cloud,Hybrid,Full-Time,Normal-High,5.77,True,2026-02-23 17:13:21,Job,,,,,,,,
JOB_000227,Cloud,Hybrid,Full-Time,Normal-High,100.0,True,2026-02-23 17:13:21,Job,,,,,,,,
JOB_000229,Cloud,On-Site,Full-Time,Normal,1.92,True,2026-02-23 17:13:21,Job,,,,,,,,
JOB_000230,Cloud,Remote,Full-Time,Premium,17.31,True,2026-02-23 17:13:21,Job,,,,,,,,
JOB_000231,Cloud,Remote,Contract,Normal,46.15,True,2026-02-23 17:13:21,Job,,,,,,,,
JOB_000232,Cloud,On-Site,Full-Time,Normal,3.85,True,2026-02-23 17:13:21,Job,,,,,,,,
JOB_000233,Cloud,On-Site,Full-Time,Normal,3.85,True,2026-02-23 17:13:21,Job,,,,,,,,
JOB_000234,Cloud,Remote,Full-Time,Premium,3.85,True,2026-02-23 17:13:21,Job,,,,,,,,
JOB_000235,Cloud,On-Site,Full-Time,Normal,21.15,True,2026-02-23 17:13:21,Job,,,,,,,,
JOB_000236,Cloud,On-Site,Full-Time,Normal,7.69,True,2026-02-23 17:13:21,Job,,,,,,,,
JOB_000246,Cloud,Remote,Full-Time,Normal-High,5.77,True,2026-02-23 17:13:21,Job,,,,,,,,
JOB_000247,Cloud,Remote,Full-Time,Normal-High,7.69,True,2026-02-23 17:13:21,Job,,,,,,,,
JOB_000248,Cloud,On-Site,Full-Time,Normal,3.85,True,2026-02-23 17:13:21,Job,,,,,,,,
JOB_000249,Cloud,Hybrid,Full-Time,Normal-High,30.77,True,2026-02-23 17:13:21,Job,,,,,,,,
JOB_000250,Cloud,Remote,Full-Time,Premium,13.46,True,2026-02-23 17:13:21,Job,,,,,,,,
JOB_000251,Cloud,Hybrid,Not Specified,Normal,17.31,True,2026-02-23 17:13:21,Job,,,,,,,,
JOB_000252,Cloud,On-Site,Full-Time,Normal,7.69,True,2026-02-23 17:13:21,Job,,,,,,,,
JOB_000253,Cloud,Hybrid,Full-Time,Normal-High,3.85,True,2026-02-23 17:13:21,Job,,,,,,,,
JOB_000254,Cloud,Hybrid,Full-Time,Normal-High,100.0,True,2026-02-23 17:13:21,Job,,,,,,,,
JOB_000255,Cloud,On-Site,Full-Time,Normal,11.54,True,2026-02-23 17:13:21,Job,,,,,,,,
JOB_000256,Cloud,Unknown,Contract,Normal,7.69,True,2026-02-23 17:13:21,Job,,,,,,,,
JOB_000259,Cloud,Remote,Full-Time,Normal-High,46.15,True,2026-02-23 17:13:21,Job,,,,,,,,
JOB_000260,Cloud,Remote,Full-Time,Normal-High,5.77,True,2026-02-23 17:13:21,Job,,,,,,,,
JOB_000261,Cloud,On-Site,Not Specified,Normal,5.77,True,2026-02-23 17:13:21,Job,,,,,,,,
JOB_000262,Cloud,Remote,Full-Time,Premium,3.85,True,2026-02-23 17:13:21,Job,,,,,,,,
JOB_000263,Cloud,On-Site,Full-Time,Normal,30.77,True,2026-02-23 17:13:21,Job,,,,,,,,
JOB_000265,Cloud,Remote,Full-Time,Normal-High,46.15,True,2026-02-23 17:13:21,Job,,,,,,,,
JOB_000266,Cloud,Remote,Full-Time,Normal-High,46.15,True,2026-02-23 17:13:21,Job,,,,,,,,
JOB_000267,Cloud,Remote,Full-Time,Premium,1.92,True,2026-02-23 17:13:21,Job,,,,,,,,
JOB_000268,Cloud,On-Site,Full-Time,Normal,100.0,True,2026-02-23 17:13:21,Job,,,,,,,,
JOB_000270,Cloud,Hybrid,Full-Time,Normal-High,30.77,True,2026-02-23 17:13:21,Job,,,,,,,,
JOB_000271,Cloud,Remote,Full-Time,Premium,9.62,True,2026-02-23 17:13:21,Job,,,,,,,,
JOB_000272,Cloud,Hybrid,Full-Time,Normal-High,21.15,True,2026-02-23 17:13:21,Job,,,,,,,,
JOB_000273,Cloud,Remote,Full-Time,Normal-High,7.69,True,2026-02-23 17:13:21,Job,,,,,,,,
JOB_000274,Cloud,On-Site,Not Specified,Normal,1.92,True,2026-02-23 17:13:21,Job,,,,,,,,
JOB_000275,Cloud,On-Site,Not Specified,Normal,1.92,True,2026-02-23 17:13:21,Job,,,,,,,,
JOB_000277,Cloud,Remote,Full-Time,Normal-High,13.46,True,2026-02-23 17:13:21,Job,,,,,,,,
JOB_000278,Cloud,Remote,Full-Time,Normal-High,11.54,True,2026-02-23 17:13:21,Job,,,,,,,,
JOB_000280,Cloud,Remote,Full-Time,Premium,17.31,True,2026-02-23 17:13:21,Job,,,,,,,,
JOB_000281,Cloud,Remote,Full-Time,Normal-High,9.62,True,2026-02-23 17:13:21,Job,,,,,,,,
JOB_000282,Cloud,On-Site,Not Specified,Normal,100.0,True,2026-02-23 17:13:21,Job,,,,,,,,
JOB_000283,Cloud,Remote,Full-Time,Normal-High,26.92,True,2026-02-23 17:13:21,Job,,,,,,,,
JOB_000284,Cloud,Hybrid,Full-Time,Normal-High,15.38,True,2026-02-23 17:13:21,Job,,,,,,,,
JOB_000287,Cloud,Hybrid,Full-Time,Normal-High,21.15,True,2026-02-23 17:13:21,Job,,,,,,,,
JOB_000289,Cloud,On-Site,Full-Time,Normal,1.92,True,2026-02-23 17:13:21,Job,,,,,,,,
JOB_000293,Cloud,Unknown,Not Specified,Normal,17.31,True,2026-02-23 17:13:21,Job,,,,,,,,
JOB_000294,Cloud,Hybrid,Not Specified,Normal,1.92,True,2026-02-23 17:13:21,Job,,,,,,,,
JOB_000295,Cloud,Remote,Full-Time,Normal-High,26.92,True,2026-02-23 17:13:21,Job,,,,,,,,
JOB_000296,Cloud,Hybrid,Full-Time,Normal-High,3.85,True,2026-02-23 17:13:21,Job,,,,,,,,
JOB_000297,Cloud,Remote,Not Specified,Normal,9.62,True,2026-02-23 17:13:21,Job,,,,,,,,
JOB_000298,Cloud,Remote,Full-Time,Normal-High,1.92,True,2026-02-23 17:13:21,Job,,,,,,,,
JOB_000299,Cloud,On-Site,Full-Time,Normal,30.77,True,2026-02-23 17:13:21,Job,,,,,,,,
JOB_000300,Cloud,On-Site,Not Specified,Normal,19.23,True,2026-02-23 17:13:21,Job,,,,,,,,
JOB_000301,Cloud,Remote,Full-Time,Premium,36.54,True,2026-02-23 17:13:21,Job,,,,,,,,
JOB_000302,Cloud,On-Site,Full-Time,Normal,30.77,True,2026-02-23 17:13:21,Job,,,,,,,,
JOB_000303,Cloud,On-Site,Full-Time,Normal,36.54,True,2026-02-23 17:13:21,Job,,,,,,,,
JOB_000304,Cloud,Unknown,Full-Time,Normal,100.0,True,2026-02-23 17:13:21,Job,,,,,,,,
JOB_000305,Cloud,On-Site,Full-Time,Normal,3.85,True,2026-02-23 17:13:21,Job,,,,,,,,
JOB_000306,Cloud,On-Site,Full-Time,Normal,1.92,True,2026-02-23 17:13:21,Job,,,,,,,,
JOB_000314,Cloud,Hybrid,Full-Time,Normal-High,100.0,True,2026-02-23 17:13:21,Job,,,,,,,,
JOB_000317,Cloud,On-Site,Full-Time,Normal,1.92,True,2026-02-23 17:13:21,Job,,,,,,,,
JOB_000319,Cloud,Remote,Not Specified,Normal,1.92,True,2026-02-23 17:13:21,Job,,,,,,,,
JOB_000320,Cloud,Remote,Contract,Normal,46.15,True,2026-02-23 17:13:21,Job,,,,,,,,
JOB_000322,Cloud,Remote,Full-Time,Normal-High,26.92,True,2026-02-23 17:13:21,Job,,,,,,,,
JOB_000323,Cloud,Hybrid,Full-Time,Normal-High,5.77,True,2026-02-23 17:13:21,Job,,,,,,,,
JOB_000324,Cloud,Remote,Full-Time,Normal-High,1.92,True,2026-02-23 17:13:21,Job,,,,,,,,
JOB_000325,Cloud,Remote,Full-Time,Normal-High,5.77,True,2026-02-23 17:13:21,Job,,,,,,,,
JOB_000326,Cloud,Hybrid,Full-Time,Normal-High,100.0,True,2026-02-23 17:13:21,Job,,,,,,,,
JOB_000327,Cloud,Hybrid,Full-Time,Normal-High,3.85,True,2026-02-23 17:13:21,Job,,,,,,,,
JOB_000328,Cloud,Hybrid,Full-Time,Normal-High,11.54,True,2026-02-23 17:13:21,Job,,,,,,,,
JOB_000329,Cloud,Remote,Full-Time,Premium,9.62,True,2026-02-23 17:13:21,Job,,,,,,,,
JOB_000330,Cloud,Hybrid,Full-Time,Normal-High,1.92,True,2026-02-23 17:13:21,Job,,,,,,,,
JOB_000331,Cloud,Remote,Full-Time,Normal-High,15.38,True,2026-02-23 17:13:21,Job,,,,,,,,
JOB_000332,Cloud,On-Site,Full-Time,Normal,3.85,True,2026-02-23 17:13:21,Job,,,,,,,,
JOB_000333,Cloud,Remote,Full-Time,Premium,1.92,True,2026-02-23 17:13:21,Job,,,,,,,,
JOB_000335,Cloud,Remote,Full-Time,Normal-High,5.77,True,2026-02-23 17:13:21,Job,,,,,,,,
JOB_000337,Cloud,On-Site,Full-Time,Normal,21.15,True,2026-02-23 17:13:21,Job,,,,,,,,
JOB_000338,Cloud,On-Site,Full-Time,Normal,5.77,True,2026-02-23 17:13:21,Job,,,,,,,,
JOB_000340,Cloud,On-Site,Full-Time,Normal,1.92,True,2026-02-23 17:13:21,Job,,,,,,,,
JOB_000341,Cloud,Remote,Contract,Normal,1.92,True,2026-02-23 17:13:21,Job,,,,,,,,
JOB_000342,Cloud,Hybrid,Full-Time,Normal-High,1.92,True,2026-02-23 17:13:21,Job,,,,,,,,
JOB_000343,Cloud,On-Site,Not Specified,Normal,3.85,True,2026-02-23 17:13:21,Job,,,,,,,,
JOB_000345,Cloud,Unknown,Full-Time,Normal,3.85,True,2026-02-23 17:13:21,Job,,,,,,,,
JOB_000346,Data Scientist,Hybrid,Full-Time,Normal-High,30.77,True,2026-02-23 17:13:21,Job,,,,,,,,
JOB_000348,Data Scientist,On-Site,Full-Time,Normal,21.15,True,2026-02-23 17:13:21,Job,,,,,,,,
JOB_000349,Data Scientist,Remote,Full-Time,Normal-High,7.69,True,2026-02-23 17:13:21,Job,,,,,,,,
JOB_000350,Data Scientist,On-Site,Full-Time,Normal,5.77,True,2026-02-23 17:13:21,Job,,,,,,,,
JOB_000351,Data Scientist,On-Site,Full-Time,Normal,21.15,True,2026-02-23 17:13:21,Job,,,,,,,,
JOB_000352,Data Scientist,Remote,Full-Time,Premium,5.77,True,2026-02-23 17:13:21,Job,,,,,,,,
JOB_000354,Data Scientist,Remote,Full-Time,Normal-High,5.77,True,2026-02-23 17:13:21,Job,,,,,,,,
JOB_000368,Data Scientist,On-Site,Full-Time,Normal,1.92,True,2026-02-23 17:13:21,Job,,,,,,,,
JOB_000369,Data Scientist,On-Site,Full-Time,Normal,9.62,True,2026-02-23 17:13:21,Job,,,,,,,,
JOB_000370,Data Scientist,On-Site,Full-Time,Normal,21.15,True,2026-02-23 17:13:21,Job,,,,,,,,
JOB_000371,Data Scientist,On-Site,Full-Time,Normal,23.08,True,2026-02-23 17:13:21,Job,,,,,,,,
JOB_000372,Data Scientist,Remote,Full-Time,Premium,3.85,True,2026-02-23 17:13:21,Job,,,,,,,,
JOB_000373,Data Scientist,On-Site,Full-Time,Normal,5.77,True,2026-02-23 17:13:21,Job,,,,,,,,
JOB_000374,Data Scientist,On-Site,Full-Time,Normal,1.92,True,2026-02-23 17:13:21,Job,,,,,,,,
JOB_000375,Data Scientist,Hybrid,Full-Time,Normal-High,100.0,True,2026-02-23 17:13:21,Job,,,,,,,,
JOB_000376,Data Scientist,On-Site,Full-Time,Normal,5.77,True,2026-02-23 17:13:21,Job,,,,,,,,
JOB_000377,Data Scientist,Remote,Full-Time,Premium,9.62,True,2026-02-23 17:13:21,Job,,,,,,,,
JOB_000379,Data Scientist,Remote,Not Specified,Normal,17.31,True,2026-02-23 17:13:21,Job,,,,,,,,
JOB_000380,Data Scientist,Hybrid,Full-Time,Normal-High,100.0,True,2026-02-23 17:13:21,Job,,,,,,,,
JOB_000381,Data Scientist,Remote,Full-Time,Normal-High,1.92,True,2026-02-23 17:13:21,Job,,,,,,,,
JOB_000382,Data Scientist,On-Site,Full-Time,Normal,30.77,True,2026-02-23 17:13:21,Job,,,,,,,,
JOB_000383,Data Scientist,On-Site,Full-Time,Normal,9.62,True,2026-02-23 17:13:21,Job,,,,,,,,
JOB_000385,Data Scientist,On-Site,Full-Time,Normal,100.0,True,2026-02-23 17:13:21,Job,,,,,,,,
JOB_000387,Data Scientist,Unknown,Full-Time,Normal,9.62,True,2026-02-23 17:13:21,Job,,,,,,,,
JOB_000396,Data Scientist,Remote,Full-Time,Premium,1.92,True,2026-02-23 17:13:21,Job,,,,,,,,
JOB_000399,Data Scientist,On-Site,Not Specified,Normal,23.08,True,2026-02-23 17:13:21,Job,,,,,,,,
JOB_000401,Data Scientist,Hybrid,Full-Time,Normal-High,17.31,True,2026-02-23 17:13:21,Job,,,,,,,,
JOB_000402,Data Scientist,Hybrid,Full-Time,Normal-High,5.77,True,2026-02-23 17:13:21,Job,,,,,,,,
JOB_000403,Data Scientist,Remote,Full-Time,Premium,15.38,True,2026-02-23 17:13:21,Job,,,,,,,,
JOB_000404,Data Scientist,On-Site,Full-Time,Normal,1.92,True,2026-02-23 17:13:21,Job,,,,,,,,
JOB_000405,Data Scientist,Hybrid,Full-Time,Normal-High,100.0,True,2026-02-23 17:13:21,Job,,,,,,,,
JOB_000406,Data Scientist,On-Site,Not Specified,Normal,5.77,True,2026-02-23 17:13:21,Job,,,,,,,,
JOB_000408,Data Scientist,On-Site,Full-Time,Normal,36.54,True,2026-02-23 17:13:21,Job,,,,,,,,
JOB_000409,Data Scientist,Remote,Full-Time,Premium,100.0,True,2026-02-23 17:13:21,Job,,,,,,,,
JOB_000410,Data Scientist,On-Site,Full-Time,Normal,1.92,True,2026-02-23 17:13:21,Job,,,,,,,,
JOB_000411,Data Scientist,On-Site,Not Specified,Normal,23.08,True,2026-02-23 17:13:21,Job,,,,,,,,
JOB_000412,Data Scientist,Remote,Full-Time,Premium,17.31,True,2026-02-23 17:13:21,Job,,,,,,,,
JOB_000413,Data Scientist,Remote,Full-Time,Normal-High,5.77,True,2026-02-23 17:13:21,Job,,,,,,,,
JOB_000414,Data Scientist,Remote,Full-Time,Premium,19.23,True,2026-02-23 17:13:21,Job,,,,,,,,
JOB_000415,Data Scientist,On-Site,Full-Time,Normal,5.77,True,2026-02-23 17:13:21,Job,,,,,,,,
JOB_000416,Data Scientist,Hybrid,Full-Time,Normal-High,11.54,True,2026-02-23 17:13:21,Job,,,,,,,,
JOB_000417,Data Scientist,Remote,Not Specified,Normal,1.92,True,2026-02-23 17:13:21,Job,,,,,,,,
JOB_000418,Data Scientist,Remote,Full-Time,Normal-High,7.69,True,2026-02-23 17:13:21,Job,,,,,,,,
JOB_000419,Data Scientist,On-Site,Not Specified,Normal,5.77,True,2026-02-23 17:13:21,Job,,,,,,,,
JOB_000421,Data Scientist,Remote,Full-Time,Premium,46.15,True,2026-02-23 17:13:21,Job,,,,,,,,
JOB_000422,Data Scientist,Remote,Full-Time,Normal-High,46.15,True,2026-02-23 17:13:21,Job,,,,,,,,
JOB_000424,Data Scientist,On-Site,Full-Time,Normal,1.92,True,2026-02-23 17:13:21,Job,,,,,,,,
JOB_000426,Data Scientist,On-Site,Full-Time,Normal,15.38,True,2026-02-23 17:13:21,Job,,,,,,,,
JOB_000428,Data Scientist,Remote,Full-Time,Premium,26.92,True,2026-02-23 17:13:21,Job,,,,,,,,
JOB_000429,Data Scientist,On-Site,Full-Time,Normal,3.85,True,2026-02-23 17:13:21,Job,,,,,,,,
JOB_000430,Data Scientist,On-Site,Not Specified,Normal,100.0,True,2026-02-23 17:13:21,Job,,,,,,,,
JOB_000431,Data Scientist,On-Site,Full-Time,Normal,1.92,True,2026-02-23 17:13:21,Job,,,,,,,,
JOB_000432,Data Scientist,Hybrid,Full-Time,Normal-High,100.0,True,2026-02-23 17:13:21,Job,,,,,,,,
JOB_000433,Data Scientist,On-Site,Full-Time,Normal,3.85,True,2026-02-23 17:13:21,Job,,,,,,,,
JOB_000434,Data Scientist,On-Site,Full-Time,Normal,5.77,True,2026-02-23 17:13:21,Job,,,,,,,,
JOB_000436,Data Scientist,On-Site,Full-Time,Normal,21.15,True,2026-02-23 17:13:21,Job,,,,,,,,
JOB_000437,Data Scientist,On-Site,Full-Time,Normal,9.62,True,2026-02-23 17:13:21,Job,,,,,,,,
JOB_000438,Data Scientist,Remote,Full-Time,Premium,46.15,True,2026-02-23 17:13:21,Job,,,,,,,,
JOB_000439,Data Scientist,Remote,Full-Time,Normal-High,3.85,True,2026-02-23 17:13:21,Job,,,,,,,,
JOB_000440,Data Scientist,Remote,Full-Time,Normal-High,46.15,True,2026-02-23 17:13:21,Job,,,,,,,,
JOB_000442,Data Scientist,Remote,Not Specified,Normal,9.62,True,2026-02-23 17:13:21,Job,,,,,,,,
JOB_000443,Data Scientist,On-Site,Full-Time,Normal,17.31,True,2026-02-23 17:13:21,Job,,,,,,,,
JOB_000444,Data Scientist,Remote,Full-Time,Normal-High,5.77,True,2026-02-23 17:13:21,Job,,,,,,,,
JOB_000445,Data Scientist,Remote,Full-Time,Normal-High,17.31,True,2026-02-23 17:13:21,Job,,,,,,,,
JOB_000447,Data Scientist,On-Site,Full-Time,Normal,3.85,True,2026-02-23 17:13:21,Job,,,,,,,,
JOB_000448,Data Scientist,Remote,Full-Time,Normal-High,36.54,True,2026-02-23 17:13:21,Job,,,,,,,,
JOB_000449,Data Scientist,On-Site,Full-Time,Normal,1.92,True,2026-02-23 17:13:21,Job,,,,,,,,
JOB_000451,Data Scientist,Remote,Full-Time,Premium,5.77,True,2026-02-23 17:13:21,Job,,,,,,,,
JOB_000452,Data Scientist,On-Site,Full-Time,Normal,3.85,True,2026-02-23 17:13:21,Job,,,,,,,,
JOB_000453,Data Scientist,Remote,Full-Time,Normal-High,46.15,True,2026-02-23 17:13:21,Job,,,,,,,,
JOB_000454,Data Scientist,Remote,Full-Time,Normal-High,13.46,True,2026-02-23 17:13:21,Job,,,,,,,,
JOB_000455,Data Scientist,On-Site,Full-Time,Normal,36.54,True,2026-02-23 17:13:21,Job,,,,,,,,
JOB_000456,Data Scientist,Remote,Full-Time,Normal-High,26.92,True,2026-02-23 17:13:21,Job,,,,,,,,
JOB_000457,Data Scientist,On-Site,Full-Time,Normal,30.77,True,2026-02-23 17:13:21,Job,,,,,,,,
JOB_000458,Data Scientist,Remote,Full-Time,Normal-High,100.0,True,2026-02-23 17:13:21,Job,,,,,,,,
JOB_000459,Data Scientist,On-Site,Full-Time,Normal,7.69,True,2026-02-23 17:13:21,Job,,,,,,,,
JOB_000460,Data Scientist,On-Site,Full-Time,Normal,23.08,True,2026-02-23 17:13:21,Job,,,,,,,,
JOB_000461,Data Scientist,On-Site,Full-Time,Normal,3.85,True,2026-02-23 17:13:21,Job,,,,,,,,
JOB_000462,Data Scientist,On-Site,Full-Time,Normal,7.69,True,2026-02-23 17:13:21,Job,,,,,,,,
JOB_000463,Data Scientist,Remote,Not Specified,Normal,13.46,True,2026-02-23 17:13:21,Job,,,,,,,,
JOB_000464,Data Scientist,On-Site,Full-Time,Normal,21.15,True,2026-02-23 17:13:21,Job,,,,,,,,
JOB_000466,Data Scientist,On-Site,Full-Time,Normal,1.92,True,2026-02-23 17:13:21,Job,,,,,,,,
JOB_000467,Data Scientist,On-Site,Full-Time,Normal,17.31,True,2026-02-23 17:13:21,Job,,,,,,,,
JOB_000468,Data Scientist,Remote,Full-Time,Normal-High,46.15,True,2026-02-23 17:13:21,Job,,,,,,,,
JOB_000469,Data Scientist,Remote,Full-Time,Normal-High,100.0,True,2026-02-23 17:13:21,Job,,,,,,,,
JOB_000470,Data Scientist,Remote,Full-Time,Normal-High,3.85,True,2026-02-23 17:13:21,Job,,,,,,,,
JOB_000471,Data Scientist,On-Site,Full-Time,Normal,1.92,True,2026-02-23 17:13:21,Job,,,,,,,,
JOB_000472,Data Scientist,On-Site,Full-Time,Normal,30.77,True,2026-02-23 17:13:21,Job,,,,,,,,
JOB_000473,Data Scientist,Remote,Full-Time,Premium,3.85,True,2026-02-23 17:13:21,Job,,,,,,,,
JOB_000474,Data Scientist,On-Site,Full-Time,Normal,100.0,True,2026-02-23 17:13:21,Job,,,,,,,,
JOB_000475,Data Scientist,On-Site,Full-Time,Normal,17.31,True,2026-02-23 17:13:21,Job,,,,,,,,
JOB_000476,Data Scientist,On-Site,Not Specified,Normal,3.85,True,2026-02-23 17:13:21,Job,,,,,,,,
JOB_000477,Data Scientist,Remote,Full-Time,Normal-High,1.92,True,2026-02-23 17:13:21,Job,,,,,,,,
JOB_000478,Data Scientist,Remote,Full-Time,Premium,3.85,True,2026-02-23 17:13:21,Job,,,,,,,,
JOB_000488,Data Scientist,Hybrid,Full-Time,Normal-High,9.62,True,2026-02-23 17:13:21,Job,,,,,,,,
JOB_000491,Data Scientist,On-Site,Full-Time,Normal,1.92,True,2026-02-23 17:13:21,Job,,,,,,,,
JOB_000493,Data Scientist,On-Site,Full-Time,Normal,30.77,True,2026-02-23 17:13:21,Job,,,,,,,,
JOB_000494,Data Scientist,Hybrid,Full-Time,Normal-High,5.77,True,2026-02-23 17:13:21,Job,,,,,,,,
JOB_000496,Data Scientist,Remote,Not Specified,Normal,46.15,True,2026-02-23 17:13:21,Job,,,,,,,,
JOB_000497,Data Scientist,Hybrid,Full-Time,Normal-High,5.77,True,2026-02-23 17:13:21,Job,,,,,,,,
JOB_000498,Data Scientist,On-Site,Not Specified,Normal,1.92,True,2026-02-23 17:13:21,Job,,,,,,,,
JOB_000500,Data Scientist,Remote,Full-Time,Normal-High,1.92,True,2026-02-23 17:13:21,Job,,,,,,,,
JOB_000501,Data Scientist,Remote,Full-Time,Normal-High,36.54,True,2026-02-23 17:13:21,Job,,,,,,,,
JOB_000503,Data Scientist,On-Site,Not Specified,Normal,26.92,True,2026-02-23 17:13:21,Job,,,,,,,,
JOB_000505,Data Scientist,On-Site,Full-Time,Normal,7.69,True,2026-02-23 17:13:21,Job,,,,,,,,
JOB_000507,Data Scientist,Hybrid,Full-Time,Normal-High,100.0,True,2026-02-23 17:13:21,Job,,,,,,,,
JOB_000508,Data Scientist,Hybrid,Full-Time,Normal-High,100.0,True,2026-02-23 17:13:21,Job,,,,,,,,
JOB_000510,Data Scientist,On-Site,Not Specified,Normal,3.85,True,2026-02-23 17:13:21,Job,,,,,,,,
JOB_000511,Data Scientist,Hybrid,Full-Time,Normal-High,9.62,True,2026-02-23 17:13:21,Job,,,,,,,,
JOB_000512,Data Scientist,Remote,Full-Time,Normal-High,3.85,True,2026-02-23 17:13:21,Job,,,,,,,,
JOB_000513,Data Scientist,Remote,Part-Time,Normal,100.0,True,2026-02-23 17:13:21,Job,,,,,,,,
JOB_000514,Data Scientist,Remote,Full-Time,Normal-High,5.77,True,2026-02-23 17:13:21,Job,,,,,,,,
JOB_000515,Data Scientist,On-Site,Full-Time,Normal,30.77,True,2026-02-23 17:13:21,Job,,,,,,,,
JOB_000516,Data Scientist,On-Site,Not Specified,Normal,1.92,True,2026-02-23 17:13:21,Job,,,,,,,,
JOB_000517,Data Scientist,Hybrid,Full-Time,Normal-High,5.77,True,2026-02-23 17:13:21,Job,,,,,,,,
JOB_000518,Data Scientist,Hybrid,Full-Time,Normal-High,36.54,True,2026-02-23 17:13:21,Job,,,,,,,,
JOB_000519,Data Scientist,Remote,Full-Time,Premium,26.92,True,2026-02-23 17:13:21,Job,,,,,,,,
JOB_000520,Data Scientist,On-Site,Full-Time,Normal,36.54,True,2026-02-23 17:13:21,Job,,,,,,,,
JOB_000521,Data Scientist,Remote,Full-Time,Normal-High,21.15,True,2026-02-23 17:13:21,Job,,,,,,,,
JOB_000522,Data Scientist,On-Site,Full-Time,Normal,3.85,True,2026-02-23 17:13:21,Job,,,,,,,,
JOB_000523,Data Scientist,Remote,Full-Time,Normal-High,13.46,True,2026-02-23 17:13:21,Job,,,,,,,,
JOB_000524,Data Scientist,Remote,Not Specified,Normal,5.77,True,2026-02-23 17:13:21,Job,,,,,,,,
JOB_000526,Data Scientist,On-Site,Not Specified,Normal,3.85,True,2026-02-23 17:13:21,Job,,,,,,,,
JOB_000527,Data Scientist,On-Site,Full-Time,Normal,1.92,True,2026-02-23 17:13:21,Job,,,,,,,,
JOB_000529,Data Scientist,Remote,Full-Time,Normal-High,3.85,True,2026-02-23 17:13:21,Job,,,,,,,,
JOB_000531,Data Scientist,On-Site,Contract,Normal,100.0,True,2026-02-23 17:13:21,Job,,,,,,,,
JOB_000534,Data Scientist,On-Site,Not Specified,Normal,3.85,True,2026-02-23 17:13:21,Job,,,,,,,,
JOB_000535,Data Scientist,Remote,Full-Time,Normal-High,26.92,True,2026-02-23 17:13:21,Job,,,,,,,,
JOB_000536,Hr,On-Site,Contract,Normal,17.31,True,2026-02-23 17:13:21,Job,,,,,,,,
JOB_000537,Hr,On-Site,Full-Time,Normal,3.85,True,2026-02-23 17:13:21,Job,,,,,,,,
JOB_000538,Hr,Remote,Full-Time,Normal-High,9.62,True,2026-02-23 17:13:21,Job,,,,,,,,
JOB_000540,Hr,Hybrid,Full-Time,Normal-High,3.85,True,2026-02-23 17:13:21,Job,,,,,,,,
JOB_000541,Hr,On-Site,Full-Time,Normal,3.85,True,2026-02-23 17:13:21,Job,,,,,,,,
JOB_000542,Hr,Remote,Full-Time,Normal-High,1.92,True,2026-02-23 17:13:21,Job,,,,,,,,
JOB_000543,Hr,On-Site,Full-Time,Normal,9.62,True,2026-02-23 17:13:21,Job,,,,,,,,
JOB_000544,Hr,Remote,Full-Time,Normal-High,3.85,True,2026-02-23 17:13:21,Job,,,,,,,,
JOB_000545,Hr,On-Site,Contract,Normal,17.31,True,2026-02-23 17:13:21,Job,,,,,,,,
JOB_000546,Hr,On-Site,Full-Time,Normal,7.69,True,2026-02-23 17:13:21,Job,,,,,,,,
JOB_000553,Hr,On-Site,Full-Time,Normal,21.15,True,2026-02-23 17:13:21,Job,,,,,,,,
JOB_000563,Hr,On-Site,Full-Time,Normal,1.92,True,2026-02-23 17:13:21,Job,,,,,,,,
JOB_000566,Hr,On-Site,Full-Time,Normal,1.92,True,2026-02-23 17:13:21,Job,,,,,,,,
JOB_000567,Hr,Hybrid,Not Specified,Normal,5.77,True,2026-02-23 17:13:21,Job,,,,,,,,
JOB_000568,Hr,Remote,Not Specified,Normal,1.92,True,2026-02-23 17:13:21,Job,,,,,,,,
JOB_000569,Hr,On-Site,Full-Time,Normal,21.15,True,2026-02-23 17:13:21,Job,,,,,,,,
JOB_000570,Hr,Remote,Contract,Normal,1.92,True,2026-02-23 17:13:21,Job,,,,,,,,
JOB_000571,Hr,On-Site,Full-Time,Normal,23.08,True,2026-02-23 17:13:21,Job,,,,,,,,
JOB_000572,Hr,On-Site,Full-Time,Normal,7.69,True,2026-02-23 17:13:21,Job,,,,,,,,
JOB_000574,Hr,Unknown,Full-Time,Normal,3.85,True,2026-02-23 17:13:21,Job,,,,,,,,
JOB_000582,Hr,On-Site,Not Specified,Normal,7.69,True,2026-02-23 17:13:21,Job,,,,,,,,
JOB_000583,Hr,On-Site,Not Specified,Normal,30.77,True,2026-02-23 17:13:21,Job,,,,,,,,
JOB_000584,Hr,On-Site,Full-Time,Normal,1.92,True,2026-02-23 17:13:21,Job,,,,,,,,
JOB_000585,Hr,On-Site,Full-Time,Normal,100.0,True,2026-02-23 17:13:21,Job,,,,,,,,
JOB_000586,Hr,On-Site,Part-Time,Normal,7.69,True,2026-02-23 17:13:21,Job,,,,,,,,
JOB_000587,Hr,On-Site,Full-Time,Normal,1.92,True,2026-02-23 17:13:21,Job,,,,,,,,
JOB_000589,Hr,On-Site,Full-Time,Normal,5.77,True,2026-02-23 17:13:21,Job,,,,,,,,
JOB_000590,Hr,Remote,Full-Time,Normal-High,3.85,True,2026-02-23 17:13:21,Job,,,,,,,,
JOB_000592,Hr,On-Site,Not Specified,Normal,1.92,True,2026-02-23 17:13:21,Job,,,,,,,,
JOB_000593,Hr,Remote,Contract,Normal,1.92,True,2026-02-23 17:13:21,Job,,,,,,,,
JOB_000594,Hr,On-Site,Full-Time,Normal,1.92,True,2026-02-23 17:13:21,Job,,,,,,,,
JOB_000595,Hr,On-Site,Full-Time,Normal,19.23,True,2026-02-23 17:13:21,Job,,,,,,,,
JOB_000596,Hr,On-Site,Full-Time,Normal,1.92,True,2026-02-23 17:13:21,Job,,,,,,,,
JOB_000597,Hr,On-Site,Not Specified,Normal,1.92,True,2026-02-23 17:13:21,Job,,,,,,,,
JOB_000598,Hr,Remote,Full-Time,Normal-High,26.92,True,2026-02-23 17:13:21,Job,,,,,,,,
JOB_000599,Hr,On-Site,Not Specified,Normal,1.92,True,2026-02-23 17:13:21,Job,,,,,,,,
JOB_000601,Hr,On-Site,Full-Time,Normal,19.23,True,2026-02-23 17:13:21,Job,,,,,,,,
JOB_000603,Hr,On-Site,Full-Time,Normal,30.77,True,2026-02-23 17:13:21,Job,,,,,,,,
JOB_000604,Hr,On-Site,Not Specified,Normal,3.85,True,2026-02-23 17:13:21,Job,,,,,,,,
JOB_000605,Hr,On-Site,Full-Time,Normal,1.92,True,2026-02-23 17:13:21,Job,,,,,,,,
JOB_000606,Hr,Hybrid,Full-Time,Normal-High,1.92,True,2026-02-23 17:13:21,Job,,,,,,,,
JOB_000607,Hr,On-Site,Full-Time,Normal,36.54,True,2026-02-23 17:13:21,Job,,,,,,,,
JOB_000608,Hr,Remote,Full-Time,Normal-High,1.92,True,2026-02-23 17:13:21,Job,,,,,,,,
JOB_000609,Hr,On-Site,Full-Time,Normal,1.92,True,2026-02-23 17:13:21,Job,,,,,,,,
JOB_000611,Hr,On-Site,Full-Time,Normal,1.92,True,2026-02-23 17:13:21,Job,,,,,,,,
JOB_000612,Hr,On-Site,Full-Time,Normal,30.77,True,2026-02-23 17:13:21,Job,,,,,,,,
JOB_000613,Hr,Remote,Full-Time,Normal-High,1.92,True,2026-02-23 17:13:21,Job,,,,,,,,
JOB_000616,Hr,Remote,Full-Time,Normal-High,3.85,True,2026-02-23 17:13:21,Job,,,,,,,,
JOB_000617,Hr,On-Site,Full-Time,Normal,1.92,True,2026-02-23 17:13:21,Job,,,,,,,,
JOB_000619,Hr,Hybrid,Full-Time,Normal-High,1.92,True,2026-02-23 17:13:21,Job,,,,,,,,
JOB_000621,Hr,On-Site,Part-Time,Normal,1.92,True,2026-02-23 17:13:21,Job,,,,,,,,
JOB_000622,Hr,On-Site,Not Specified,Normal,1.92,True,2026-02-23 17:13:21,Job,,,,,,,,
JOB_000623,Hr,On-Site,Full-Time,Normal,100.0,True,2026-02-23 17:13:21,Job,,,,,,,,
JOB_000624,Hr,On-Site,Full-Time,Normal,100.0,True,2026-02-23 17:13:21,Job,,,,,,,,
JOB_000626,Hr,Remote,Full-Time,Normal-High,11.54,True,2026-02-23 17:13:21,Job,,,,,,,,
JOB_000627,Hr,On-Site,Full-Time,Normal,3.85,True,2026-02-23 17:13:21,Job,,,,,,,,
JOB_000638,Hr,On-Site,Full-Time,Normal,1.92,True,2026-02-23 17:13:21,Job,,,,,,,,
JOB_000639,Hr,Hybrid,Full-Time,Normal-High,9.62,True,2026-02-23 17:13:21,Job,,,,,,,,
JOB_000640,Hr,Hybrid,Full-Time,Normal-High,3.85,True,2026-02-23 17:13:21,Job,,,,,,,,
JOB_000641,Hr,On-Site,Not Specified,Normal,3.85,True,2026-02-23 17:13:21,Job,,,,,,,,
JOB_000642,Hr,Remote,Full-Time,Normal-High,1.92,True,2026-02-23 17:13:21,Job,,,,,,,,
JOB_000644,Hr,On-Site,Not Specified,Normal,30.77,True,2026-02-23 17:13:21,Job,,,,,,,,
JOB_000645,Hr,Remote,Not Specified,Normal,7.69,True,2026-02-23 17:13:21,Job,,,,,,,,
JOB_000646,Hr,On-Site,Full-Time,Normal,1.92,True,2026-02-23 17:13:21,Job,,,,,,,,
JOB_000658,Hr,Hybrid,Full-Time,Normal-High,100.0,True,2026-02-23 17:13:21,Job,,,,,,,,
JOB_000660,Hr,Remote,Full-Time,Normal-High,15.38,True,2026-02-23 17:13:21,Job,,,,,,,,
JOB_000661,Hr,On-Site,Full-Time,Normal,1.92,True,2026-02-23 17:13:21,Job,,,,,,,,
JOB_000662,Hr,On-Site,Full-Time,Normal,5.77,True,2026-02-23 17:13:21,Job,,,,,,,,
JOB_000663,Hr,Remote,Full-Time,Normal-High,1.92,True,2026-02-23 17:13:21,Job,,,,,,,,
JOB_000664,Hr,On-Site,Full-Time,Normal,19.23,True,2026-02-23 17:13:21,Job,,,,,,,,
JOB_000665,Hr,On-Site,Full-Time,Normal,5.77,True,2026-02-23 17:13:21,Job,,,,,,,,
JOB_000666,Hr,Hybrid,Full-Time,Normal-High,3.85,True,2026-02-23 17:13:21,Job,,,,,,,,
JOB_000667,Hr,On-Site,Part-Time,Normal,1.92,True,2026-02-23 17:13:21,Job,,,,,,,,
JOB_000669,Hr,Remote,Full-Time,Normal-High,7.69,True,2026-02-23 17:13:21,Job,,,,,,,,
JOB_000670,Hr,Remote,Full-Time,Normal-High,1.92,True,2026-02-23 17:13:21,Job,,,,,,,,
JOB_000671,Hr,Remote,Full-Time,Normal-High,46.15,True,2026-02-23 17:13:21,Job,,,,,,,,
JOB_000672,Hr,On-Site,Not Specified,Normal,1.92,True,2026-02-23 17:13:21,Job,,,,,,,,
JOB_000673,Hr,On-Site,Full-Time,Normal,9.62,True,2026-02-23 17:13:21,Job,,,,,,,,
JOB_000674,Hr,Remote,Full-Time,Normal-High,46.15,True,2026-02-23 17:13:21,Job,,,,,,,,
JOB_000677,Hr,On-Site,Not Specified,Normal,1.92,True,2026-02-23 17:13:21,Job,,,,,,,,
JOB_000678,Hr,Hybrid,Not Specified,Normal,1.92,True,2026-02-23 17:13:21,Job,,,,,,,,
JOB_000679,Hr,Unknown,Full-Time,Normal,1.92,True,2026-02-23 17:13:21,Job,,,,,,,,
JOB_000681,Hr,On-Site,Not Specified,Normal,23.08,True,2026-02-23 17:13:21,Job,,,,,,,,
JOB_000682,Hr,Unknown,Not Specified,Normal,1.92,True,2026-02-23 17:13:21,Job,,,,,,,,
JOB_000683,Hr,On-Site,Part-Time,Normal,5.77,True,2026-02-23 17:13:21,Job,,,,,,,,
JOB_000684,Hr,Hybrid,Full-Time,Normal-High,100.0,True,2026-02-23 17:13:21,Job,,,,,,,,
JOB_000686,Hr,On-Site,Full-Time,Normal,3.85,True,2026-02-23 17:13:21,Job,,,,,,,,
JOB_000687,Hr,Remote,Part-Time,Normal,3.85,True,2026-02-23 17:13:21,Job,,,,,,,,
JOB_000688,Hr,On-Site,Full-Time,Normal,1.92,True,2026-02-23 17:13:21,Job,,,,,,,,
JOB_000689,Hr,Hybrid,Full-Time,Normal-High,15.38,True,2026-02-23 17:13:21,Job,,,,,,,,
JOB_000690,Hr,Remote,Full-Time,Normal-High,13.46,True,2026-02-23 17:13:21,Job,,,,,,,,
JOB_000691,Hr,On-Site,Full-Time,Normal,19.23,True,2026-02-23 17:13:21,Job,,,,,,,,
JOB_000692,Hr,Hybrid,Full-Time,Normal-High,3.85,True,2026-02-23 17:13:21,Job,,,,,,,,
JOB_000693,Hr,Hybrid,Full-Time,Normal-High,30.77,True,2026-02-23 17:13:21,Job,,,,,,,,
JOB_000694,Hr,On-Site,Full-Time,Normal,7.69,True,2026-02-23 17:13:21,Job,,,,,,,,
JOB_000695,Hr,On-Site,Full-Time,Normal,1.92,True,2026-02-23 17:13:21,Job,,,,,,,,
JOB_000696,Hr,On-Site,Full-Time,Normal,9.62,True,2026-02-23 17:13:21,Job,,,,,,,,
JOB_000697,Hr,On-Site,Full-Time,Normal,1.92,True,2026-02-23 17:13:21,Job,,,,,,,,
JOB_000698,Hr,Remote,Full-Time,Normal-High,1.92,True,2026-02-23 17:13:21,Job,,,,,,,,
JOB_000699,Hr,On-Site,Full-Time,Normal,9.62,True,2026-02-23 17:13:21,Job,,,,,,,,
JOB_000702,Hr,Remote,Full-Time,Normal-High,100.0,True,2026-02-23 17:13:21,Job,,,,,,,,
JOB_000703,Hr,On-Site,Full-Time,Normal,13.46,True,2026-02-23 17:13:21,Job,,,,,,,,
JOB_000704,Hr,Remote,Contract,Normal,7.69,True,2026-02-23 17:13:21,Job,,,,,,,,
JOB_000705,Hr,Hybrid,Full-Time,Normal-High,13.46,True,2026-02-23 17:13:21,Job,,,,,,,,
JOB_000707,Hr,On-Site,Full-Time,Normal,3.85,True,2026-02-23 17:13:21,Job,,,,,,,,
JOB_000708,Hr,Remote,Not Specified,Normal,3.85,True,2026-02-23 17:13:21,Job,,,,,,,,
JOB_000716,Software Developer,On-Site,Full-Time,Normal,1.92,True,2026-02-23 17:13:21,Job,,,,,,,,
JOB_000717,Software Developer,On-Site,Full-Time,Normal,5.77,True,2026-02-23 17:13:21,Job,,,,,,,,
JOB_000718,Software Developer,On-Site,Full-Time,Normal,1.92,True,2026-02-23 17:13:21,Job,,,,,,,,
JOB_000719,Software Developer,Remote,Full-Time,Normal-High,1.92,True,2026-02-23 17:13:21,Job,,,,,,,,
JOB_000720,Software Developer,On-Site,Full-Time,Normal,7.69,True,2026-02-23 17:13:21,Job,,,,,,,,
JOB_000721,Software Developer,Remote,Full-Time,Normal-High,46.15,True,2026-02-23 17:13:21,Job,,,,,,,,
JOB_000722,Software Developer,Remote,Full-Time,Premium,5.77,True,2026-02-23 17:13:21,Job,,,,,,,,
JOB_000723,Software Developer,Hybrid,Full-Time,Normal-High,15.38,True,2026-02-23 17:13:21,Job,,,,,,,,
JOB_000724,Software Developer,On-Site,Not Specified,Normal,3.85,True,2026-02-23 17:13:21,Job,,,,,,,,
JOB_000731,Software Developer,Remote,Full-Time,Normal-High,11.54,True,2026-02-23 17:13:21,Job,,,,,,,,
JOB_000732,Software Developer,On-Site,Full-Time,Normal,21.15,True,2026-02-23 17:13:21,Job,,,,,,,,
JOB_000733,Software Developer,On-Site,Full-Time,Normal,5.77,True,2026-02-23 17:13:21,Job,,,,,,,,
JOB_000734,Software Developer,Unknown,Not Specified,Normal,3.85,True,2026-02-23 17:13:21,Job,,,,,,,,
JOB_000736,Software Developer,Remote,Full-Time,Normal-High,5.77,True,2026-02-23 17:13:21,Job,,,,,,,,
JOB_000737,Software Developer,Remote,Full-Time,Normal-High,13.46,True,2026-02-23 17:13:21,Job,,,,,,,,
JOB_000739,Software Developer,Remote,Full-Time,Premium,36.54,True,2026-02-23 17:13:21,Job,,,,,,,,
JOB_000740,Software Developer,On-Site,Full-Time,Normal,3.85,True,2026-02-23 17:13:21,Job,,,,,,,,
JOB_000751,Software Developer,Remote,Not Specified,Normal,13.46,True,2026-02-23 17:13:21,Job,,,,,,,,
JOB_000752,Software Developer,On-Site,Full-Time,Normal,1.92,True,2026-02-23 17:13:21,Job,,,,,,,,
JOB_000754,Software Developer,Hybrid,Full-Time,Normal-High,1.92,True,2026-02-23 17:13:21,Job,,,,,,,,
JOB_000755,Software Developer,On-Site,Full-Time,Normal,11.54,True,2026-02-23 17:13:21,Job,,,,,,,,
JOB_000756,Software Developer,Remote,Full-Time,Normal-High,3.85,True,2026-02-23 17:13:21,Job,,,,,,,,
JOB_000757,Software Developer,On-Site,Not Specified,Normal,17.31,True,2026-02-23 17:13:21,Job,,,,,,,,
JOB_000758,Software Developer,Remote,Full-Time,Normal-High,1.92,True,2026-02-23 17:13:21,Job,,,,,,,,
JOB_000760,Software Developer,On-Site,Not Specified,Normal,9.62,True,2026-02-23 17:13:21,Job,,,,,,,,
JOB_000762,Software Developer,Hybrid,Full-Time,Normal-High,100.0,True,2026-02-23 17:13:21,Job,,,,,,,,
JOB_000763,Software Developer,On-Site,Full-Time,Normal,3.85,True,2026-02-23 17:13:21,Job,,,,,,,,
JOB_000764,Software Developer,Remote,Full-Time,Normal-High,9.62,True,2026-02-23 17:13:21,Job,,,,,,,,
JOB_000765,Software Developer,Remote,Full-Time,Normal-High,3.85,True,2026-02-23 17:13:21,Job,,,,,,,,
JOB_000766,Software Developer,Remote,Full-Time,Normal-High,1.92,True,2026-02-23 17:13:21,Job,,,,,,,,
JOB_000767,Software Developer,Hybrid,Full-Time,Normal-High,1.92,True,2026-02-23 17:13:21,Job,,,,,,,,
JOB_000769,Software Developer,On-Site,Full-Time,Normal,9.62,True,2026-02-23 17:13:21,Job,,,,,,,,
JOB_000770,Software Developer,Hybrid,Full-Time,Normal-High,3.85,True,2026-02-23 17:13:21,Job,,,,,,,,
JOB_000771,Software Developer,Remote,Not Specified,Normal,23.08,True,2026-02-23 17:13:21,Job,,,,,,,,
JOB_000772,Software Developer,Hybrid,Full-Time,Normal-High,1.92,True,2026-02-23 17:13:21,Job,,,,,,,,
JOB_000773,Software Developer,Hybrid,Full-Time,Normal-High,100.0,True,2026-02-23 17:13:21,Job,,,,,,,,
JOB_000774,Software Developer,Remote,Not Specified,Normal,46.15,True,2026-02-23 17:13:21,Job,,,,,,,,
JOB_000775,Software Developer,Remote,Full-Time,Normal-High,5.77,True,2026-02-23 17:13:21,Job,,,,,,,,
JOB_000776,Software Developer,Remote,Full-Time,Premium,3.85,True,2026-02-23 17:13:21,Job,,,,,,,,
JOB_000777,Software Developer,On-Site,Full-Time,Normal,1.92,True,2026-02-23 17:13:21,Job,,,,,,,,
JOB_000778,Software Developer,Hybrid,Full-Time,Normal-High,3.85,True,2026-02-23 17:13:21,Job,,,,,,,,
JOB_000779,Software Developer,On-Site,Full-Time,Normal,21.15,True,2026-02-23 17:13:21,Job,,,,,,,,
JOB_000781,Software Developer,Remote,Full-Time,Normal-High,100.0,True,2026-02-23 17:13:21,Job,,,,,,,,
JOB_000782,Software Developer,Unknown,Full-Time,Normal,11.54,True,2026-02-23 17:13:21,Job,,,,,,,,
JOB_000784,Software Developer,Hybrid,Full-Time,Normal-High,13.46,True,2026-02-23 17:13:21,Job,,,,,,,,
JOB_000785,Software Developer,Remote,Full-Time,Normal-High,3.85,True,2026-02-23 17:13:21,Job,,,,,,,,
JOB_000786,Software Developer,Unknown,Not Specified,Normal,3.85,True,2026-02-23 17:13:21,Job,,,,,,,,
JOB_000787,Software Developer,On-Site,Full-Time,Normal,100.0,True,2026-02-23 17:13:21,Job,,,,,,,,
JOB_000788,Software Developer,Hybrid,Full-Time,Normal-High,1.92,True,2026-02-23 17:13:21,Job,,,,,,,,
JOB_000789,Software Developer,Remote,Full-Time,Premium,7.69,True,2026-02-23 17:13:21,Job,,,,,,,,
JOB_000790,Software Developer,Remote,Full-Time,Normal-High,100.0,True,2026-02-23 17:13:21,Job,,,,,,,,
JOB_000791,Software Developer,On-Site,Full-Time,Normal,1.92,True,2026-02-23 17:13:21,Job,,,,,,,,
JOB_000792,Software Developer,On-Site,Full-Time,Normal,5.77,True,2026-02-23 17:13:21,Job,,,,,,,,
JOB_000794,Software Developer,On-Site,Full-Time,Normal,1.92,True,2026-02-23 17:13:21,Job,,,,,,,,
JOB_000795,Software Developer,Remote,Full-Time,Premium,3.85,True,2026-02-23 17:13:21,Job,,,,,,,,
JOB_000796,Software Developer,Hybrid,Full-Time,Normal-High,100.0,True,2026-02-23 17:13:21,Job,,,,,,,,
JOB_000797,Software Developer,On-Site,Full-Time,Normal,1.92,True,2026-02-23 17:13:21,Job,,,,,,,,
JOB_000807,Software Developer,On-Site,Full-Time,Normal,1.92,True,2026-02-23 17:13:21,Job,,,,,,,,
JOB_000808,Software Developer,On-Site,Full-Time,Normal,36.54,True,2026-02-23 17:13:21,Job,,,,,,,,
JOB_000809,Software Developer,On-Site,Not Specified,Normal,23.08,True,2026-02-23 17:13:21,Job,,,,,,,,
JOB_000810,Software Developer,On-Site,Full-Time,Normal,3.85,True,2026-02-23 17:13:21,Job,,,,,,,,
JOB_000811,Software Developer,Remote,Full-Time,Premium,1.92,True,2026-02-23 17:13:21,Job,,,,,,,,
JOB_000812,Software Developer,On-Site,Full-Time,Normal,23.08,True,2026-02-23 17:13:21,Job,,,,,,,,
JOB_000815,Software Developer,On-Site,Full-Time,Normal,5.77,True,2026-02-23 17:13:21,Job,,,,,,,,
JOB_000825,Software Developer,Hybrid,Full-Time,Normal-High,5.77,True,2026-02-23 17:13:21,Job,,,,,,,,
JOB_000826,Software Developer,Remote,Full-Time,Normal-High,1.92,True,2026-02-23 17:13:21,Job,,,,,,,,
JOB_000827,Software Developer,Remote,Full-Time,Premium,17.31,True,2026-02-23 17:13:21,Job,,,,,,,,
JOB_000828,Software Developer,Hybrid,Not Specified,Normal,3.85,True,2026-02-23 17:13:21,Job,,,,,,,,
JOB_000831,Software Developer,On-Site,Full-Time,Normal,19.23,True,2026-02-23 17:13:21,Job,,,,,,,,
JOB_000832,Software Developer,On-Site,Full-Time,Normal,3.85,True,2026-02-23 17:13:21,Job,,,,,,,,
JOB_000833,Software Developer,On-Site,Full-Time,Normal,1.92,True,2026-02-23 17:13:21,Job,,,,,,,,
JOB_000834,Software Developer,Remote,Full-Time,Normal-High,30.77,True,2026-02-23 17:13:21,Job,,,,,,,,
JOB_000845,Software Developer,On-Site,Full-Time,Normal,1.92,True,2026-02-23 17:13:21,Job,,,,,,,,
JOB_000846,Software Developer,Hybrid,Not Specified,Normal,100.0,True,2026-02-23 17:13:21,Job,,,,,,,,
JOB_000847,Software Developer,Remote,Full-Time,Normal-High,1.92,True,2026-02-23 17:13:21,Job,,,,,,,,
JOB_000848,Software Developer,On-Site,Not Specified,Normal,1.92,True,2026-02-23 17:13:21,Job,,,,,,,,
JOB_000849,Software Developer,Remote,Full-Time,Normal-High,1.92,True,2026-02-23 17:13:21,Job,,,,,,,,
JOB_000851,Software Developer,Remote,Not Specified,Normal,1.92,True,2026-02-23 17:13:21,Job,,,,,,,,
JOB_000852,Software Developer,Remote,Not Specified,Normal,5.77,True,2026-02-23 17:13:21,Job,,,,,,,,
JOB_000853,Software Developer,Remote,Full-Time,Normal-High,13.46,True,2026-02-23 17:13:21,Job,,,,,,,,
JOB_000854,Software Developer,On-Site,Full-Time,Normal,1.92,True,2026-02-23 17:13:21,Job,,,,,,,,
JOB_000860,Software Developer,Hybrid,Full-Time,Normal-High,1.92,True,2026-02-23 17:13:21,Job,,,,,,,,
JOB_000862,Software Developer,Unknown,Not Specified,Normal,5.77,True,2026-02-23 17:13:21,Job,,,,,,,,
JOB_000865,Software Developer,Unknown,Not Specified,Normal,7.69,True,2026-02-23 17:13:21,Job,,,,,,,,
JOB_000867,Software Developer,On-Site,Full-Time,Normal,1.92,True,2026-02-23 17:13:21,Job,,,,,,,,
JOB_000868,Software Developer,On-Site,Full-Time,Normal,19.23,True,2026-02-23 17:13:21,Job,,,,,,,,
JOB_000869,Software Developer,Remote,Contract,Normal,36.54,True,2026-02-23 17:13:21,Job,,,,,,,,
JOB_000870,Software Developer,Remote,Full-Time,Normal-High,19.23,True,2026-02-23 17:13:21,Job,,,,,,,,
JOB_000871,Software Developer,Remote,Not Specified,Normal,23.08,True,2026-02-23 17:13:21,Job,,,,,,,,
JOB_000872,Software Developer,Unknown,Not Specified,Normal,1.92,True,2026-02-23 17:13:21,Job,,,,,,,,
JOB_000873,Software Developer,On-Site,Full-Time,Normal,1.92,True,2026-02-23 17:13:21,Job,,,,,,,,
JOB_000874,Software Developer,Unknown,Full-Time,Normal,100.0,True,2026-02-23 17:13:21,Job,,,,,,,,
JOB_000875,Software Developer,On-Site,Not Specified,Normal,7.69,True,2026-02-23 17:13:21,Job,,,,,,,,
JOB_000879,Software Developer,Remote,Contract,Normal,36.54,True,2026-02-23 17:13:21,Job,,,,,,,,
JOB_000886,Software Developer,On-Site,Not Specified,Normal,9.62,True,2026-02-23 17:13:21,Job,,,,,,,,
JOB_000887,Software Developer,Remote,Full-Time,Normal-High,3.85,True,2026-02-23 17:13:21,Job,,,,,,,,
JOB_000888,Software Developer,On-Site,Full-Time,Normal,1.92,True,2026-02-23 17:13:21,Job,,,,,,,,
JOB_000889,Software Developer,On-Site,Full-Time,Normal,3.85,True,2026-02-23 17:13:21,Job,,,,,,,,
JOB_000891,Software Developer,Remote,Full-Time,Normal-High,7.69,True,2026-02-23 17:13:21,Job,,,,,,,,
JOB_000892,Software Developer,On-Site,Not Specified,Normal,3.85,True,2026-02-23 17:13:21,Job,,,,,,,,
JOB_000893,Software Developer,Remote,Full-Time,Normal-High,5.77,True,2026-02-23 17:13:21,Job,,,,,,,,
JOB_000894,Software Developer,Remote,Full-Time,Normal-High,9.62,True,2026-02-23 17:13:21,Job,,,,,,,,
JOB_000900,Software Developer,On-Site,Not Specified,Normal,30.77,True,2026-02-23 17:13:21,Job,,,,,,,,
JOB_000905,Ui/Ux,Remote,Full-Time,Normal-High,9.62,True,2026-02-23 17:13:21,Job,,,,,,,,
JOB_000906,Ui/Ux,Hybrid,Full-Time,Normal-High,5.77,True,2026-02-23 17:13:21,Job,,,,,,,,
JOB_000907,Ui/Ux,On-Site,Contract,Normal,19.23,True,2026-02-23 17:13:21,Job,,,,,,,,
JOB_000908,Ui/Ux,On-Site,Full-Time,Normal,36.54,True,2026-02-23 17:13:21,Job,,,,,,,,
JOB_000909,Ui/Ux,Remote,Full-Time,Premium,1.92,True,2026-02-23 17:13:21,Job,,,,,,,,
JOB_000911,Ui/Ux,Remote,Full-Time,Normal-High,9.62,True,2026-02-23 17:13:21,Job,,,,,,,,
JOB_000912,Ui/Ux,Remote,Full-Time,Normal-High,100.0,True,2026-02-23 17:13:21,Job,,,,,,,,
JOB_000913,Ui/Ux,Hybrid,Full-Time,Normal-High,1.92,True,2026-02-23 17:13:21,Job,,,,,,,,
JOB_000914,Ui/Ux,Remote,Full-Time,Normal-High,19.23,True,2026-02-23 17:13:21,Job,,,,,,,,
JOB_000917,Ui/Ux,Remote,Not Specified,Normal,7.69,True,2026-02-23 17:13:21,Job,,,,,,,,
JOB_000919,Ui/Ux,Remote,Full-Time,Normal-High,7.69,True,2026-02-23 17:13:21,Job,,,,,,,,
JOB_000922,Ui/Ux,Hybrid,Full-Time,Normal-High,5.77,True,2026-02-23 17:13:21,Job,,,,,,,,
JOB_000924,Ui/Ux,Remote,Full-Time,Normal-High,3.85,True,2026-02-23 17:13:21,Job,,,,,,,,
JOB_000936,Ui/Ux,On-Site,Not Specified,Normal,19.23,True,2026-02-23 17:13:21,Job,,,,,,,,
JOB_000937,Ui/Ux,Remote,Full-Time,Normal-High,1.92,True,2026-02-23 17:13:21,Job,,,,,,,,
JOB_000938,Ui/Ux,Remote,Full-Time,Normal-High,1.92,True,2026-02-23 17:13:21,Job,,,,,,,,
JOB_000940,Ui/Ux,On-Site,Full-Time,Normal,100.0,True,2026-02-23 17:13:21,Job,,,,,,,,
JOB_000942,Ui/Ux,Remote,Full-Time,Premium,5.77,True,2026-02-23 17:13:21,Job,,,,,,,,
JOB_000955,Ui/Ux,On-Site,Full-Time,Normal,21.15,True,2026-02-23 17:13:21,Job,,,,,,,,
JOB_000956,Ui/Ux,Remote,Contract,Normal,46.15,True,2026-02-23 17:13:21,Job,,,,,,,,
JOB_000959,Ui/Ux,Remote,Full-Time,Normal-High,46.15,True,2026-02-23 17:13:21,Job,,,,,,,,
JOB_000960,Ui/Ux,Remote,Full-Time,Normal-High,9.62,True,2026-02-23 17:13:21,Job,,,,,,,,
JOB_000962,Ui/Ux,On-Site,Full-Time,Normal,3.85,True,2026-02-23 17:13:21,Job,,,,,,,,
JOB_000963,Ui/Ux,Remote,Full-Time,Normal-High,1.92,True,2026-02-23 17:13:21,Job,,,,,,,,
JOB_000964,Ui/Ux,On-Site,Not Specified,Normal,1.92,True,2026-02-23 17:13:21,Job,,,,,,,,
JOB_000975,Ui/Ux,Remote,Full-Time,Normal-High,23.08,True,2026-02-23 17:13:21,Job,,,,,,,,
JOB_000978,Ui/Ux,On-Site,Full-Time,Normal,5.77,True,2026-02-23 17:13:21,Job,,,,,,,,
JOB_000979,Ui/Ux,Remote,Full-Time,Premium,3.85,True,2026-02-23 17:13:21,Job,,,,,,,,
JOB_000984,Ui/Ux,Remote,Full-Time,Premium,1.92,True,2026-02-23 17:13:21,Job,,,,,,,,
JOB_000989,Ui/Ux,Unknown,Full-Time,Normal,3.85,True,2026-02-23 17:13:21,Job,,,,,,,,
JOB_000995,Ui/Ux,Hybrid,Full-Time,Normal-High,3.85,True,2026-02-23 17:13:21,Job,,,,,,,,
JOB_000996,Ui/Ux,On-Site,Full-Time,Normal,1.92,True,2026-02-23 17:13:21,Job,,,,,,,,
JOB_000997,Ui/Ux,Remote,Full-Time,Normal-High,46.15,True,2026-02-23 17:13:21,Job,,,,,,,,
JOB_000999,Ui/Ux,On-Site,Full-Time,Normal,3.85,True,2026-02-23 17:13:21,Job,,,,,,,,
JOB_001000,Ui/Ux,Remote,Full-Time,Normal-High,5.77,True,2026-02-23 17:13:21,Job,,,,,,,,
JOB_001002,Ui/Ux,Remote,Not Specified,Normal,17.31,True,2026-02-23 17:13:21,Job,,,,,,,,
JOB_001003,Ui/Ux,Remote,Full-Time,Normal-High,1.92,True,2026-02-23 17:13:21,Job,,,,,,,,
JOB_001015,Ui/Ux,Remote,Full-Time,Normal-High,5.77,True,2026-02-23 17:13:21,Job,,,,,,,,
JOB_001016,Ui/Ux,On-Site,Full-Time,Normal,26.92,True,2026-02-23 17:13:21,Job,,,,,,,,
JOB_001017,Ui/Ux,Remote,Full-Time,Normal-High,26.92,True,2026-02-23 17:13:21,Job,,,,,,,,
JOB_001019,Ui/Ux,On-Site,Full-Time,Normal,7.69,True,2026-02-23 17:13:21,Job,,,,,,,,
JOB_001021,Ui/Ux,Hybrid,Full-Time,Normal-High,1.92,True,2026-02-23 17:13:21,Job,,,,,,,,
JOB_001022,Ui/Ux,Remote,Full-Time,Normal-High,3.85,True,2026-02-23 17:13:21,Job,,,,,,,,
JOB_001023,Ui/Ux,Hybrid,Full-Time,Normal-High,3.85,True,2026-02-23 17:13:21,Job,,,,,,,,
JOB_001028,Ui/Ux,Remote,Not Specified,Normal,1.92,True,2026-02-23 17:13:21,Job,,,,,,,,
JOB_001029,Ui/Ux,On-Site,Contract,Normal,100.0,True,2026-02-23 17:13:21,Job,,,,,,,,
JOB_001030,Ui/Ux,On-Site,Full-Time,Normal,5.77,True,2026-02-23 17:13:21,Job,,,,,,,,
JOB_001031,Ui/Ux,Remote,Full-Time,Normal-High,1.92,True,2026-02-23 17:13:21,Job,,,,,,,,
JOB_001032,Ui/Ux,On-Site,Full-Time,Normal,5.77,True,2026-02-23 17:13:21,Job,,,,,,,,
JOB_001034,Ui/Ux,Remote,Not Specified,Normal,1.92,True,2026-02-23 17:13:21,Job,,,,,,,,
JOB_001035,Ui/Ux,Remote,Full-Time,Normal-High,9.62,True,2026-02-23 17:13:21,Job,,,,,,,,
JOB_001036,Ui/Ux,On-Site,Not Specified,Normal,9.62,True,2026-02-23 17:13:21,Job,,,,,,,,
JOB_001038,Ui/Ux,Remote,Not Specified,Normal,36.54,True,2026-02-23 17:13:21,Job,,,,,,,,
JOB_001039,Ui/Ux,On-Site,Full-Time,Normal,5.77,True,2026-02-23 17:13:21,Job,,,,,,,,
JOB_001040,Ui/Ux,On-Site,Not Specified,Normal,30.77,True,2026-02-23 17:13:21,Job,,,,,,,,
JOB_001050,Ui/Ux,On-Site,Full-Time,Normal,1.92,True,2026-02-23 17:13:21,Job,,,,,,,,
JOB_001053,Ui/Ux,Remote,Full-Time,Premium,9.62,True,2026-02-23 17:13:21,Job,,,,,,,,
JOB_001054,Ui/Ux,Remote,Full-Time,Normal-High,1.92,True,2026-02-23 17:13:21,Job,,,,,,,,
JOB_001056,Ui/Ux,On-Site,Full-Time,Normal,30.77,True,2026-02-23 17:13:21,Job,,,,,,,,
JOB_001057,Ui/Ux,Remote,Full-Time,Normal-High,5.77,True,2026-02-23 17:13:21,Job,,,,,,,,
JOB_001058,Ui/Ux,Remote,Full-Time,Normal-High,1.92,True,2026-02-23 17:13:21,Job,,,,,,,,
JOB_001059,Ui/Ux,Remote,Full-Time,Normal-High,100.0,True,2026-02-23 17:13:21,Job,,,,,,,,
JOB_001060,Ui/Ux,Remote,Full-Time,Premium,1.92,True,2026-02-23 17:13:21,Job,,,,,,,,
JOB_001061,Ui/Ux,On-Site,Full-Time,Normal,3.85,True,2026-02-23 17:13:21,Job,,,,,,,,
JOB_001062,Ui/Ux,On-Site,Full-Time,Normal,36.54,True,2026-02-23 17:13:21,Job,,,,,,,,
JOB_001063,Ui/Ux,On-Site,Full-Time,Normal,5.77,True,2026-02-23 17:13:21,Job,,,,,,,,
JOB_001064,Ui/Ux,Remote,Full-Time,Normal-High,5.77,True,2026-02-23 17:13:21,Job,,,,,,,,
JOB_001065,Ui/Ux,On-Site,Full-Time,Normal,30.77,True,2026-02-23 17:13:21,Job,,,,,,,,
JOB_001076,Ui/Ux,Hybrid,Full-Time,Normal-High,3.85,True,2026-02-23 17:13:21,Job,,,,,,,,
JOB_001077,Ui/Ux,On-Site,Full-Time,Normal,1.92,True,2026-02-23 17:13:21,Job,,,,,,,,
JOB_001078,Ui/Ux,On-Site,Full-Time,Normal,5.77,True,2026-02-23 17:13:21,Job,,,,,,,,
JOB_001079,Ui/Ux,Hybrid,Full-Time,Normal-High,21.15,True,2026-02-23 17:13:21,Job,,,,,,,,
JOB_001080,Ui/Ux,Remote,Full-Time,Premium,17.31,True,2026-02-23 17:13:21,Job,,,,,,,,
JOB_001081,Ui/Ux,On-Site,Not Specified,Normal,26.92,True,2026-02-23 17:13:21,Job,,,,,,,,
JOB_001082,Ui/Ux,Remote,Not Specified,Normal,46.15,True,2026-02-23 17:13:21,Job,,,,,,,,
JOB_001083,Ui/Ux,Remote,Full-Time,Premium,19.23,True,2026-02-23 17:13:21,Job,,,,,,,,
JOB_001084,Ui/Ux,Remote,Full-Time,Normal-High,1.92,True,2026-02-23 17:13:21,Job,,,,,,,,
JOB_001085,Ui/Ux,Hybrid,Full-Time,Normal-High,30.77,True,2026-02-23 17:13:21,Job,,,,,,,,
JOB_001089,Ui/Ux,Remote,Full-Time,Normal-High,13.46,True,2026-02-23 17:13:21,Job,,,,,,,,
JOB_001090,Ui/Ux,Hybrid,Full-Time,Normal-High,3.85,True,2026-02-23 17:13:21,Job,,,,,,,,
JOB_001091,Ui/Ux,Remote,Not Specified,Normal,17.31,True,2026-02-23 17:13:21,Job,,,,,,,,
JOB_001092,Ui/Ux,Remote,Full-Time,Normal-High,30.77,True,2026-02-23 17:13:21,Job,,,,,,,,
JOB_001093,Ui/Ux,On-Site,Full-Time,Normal,7.69,True,2026-02-23 17:13:21,Job,,,,,,,,
JOB_001094,Ui/Ux,On-Site,Full-Time,Normal,1.92,True,2026-02-23 17:13:21,Job,,,,,,,,
JOB_001095,Ui/Ux,Remote,Full-Time,Premium,13.46,True,2026-02-23 17:13:21,Job,,,,,,,,
,,,,,,,,Location,LOC_0234,Unknown,United Kingdom,Europe,,,,
,,,,,,,,Location,LOC_0124,Makati,Philippines,Asia Pacific,,,,
,,,,,,,,Location,LOC_0002,Al-Dajeej,Kuwait,Middle East & Africa,,,,
,,,,,,,,Location,LOC_0117,London,United Kingdom,Europe,,,,
,,,,,,,,Location,LOC_0094,Islamabad,Pakistan,Asia Pacific,,,,
,,,,,,,,Location,LOC_0235,Unknown,United States,North America,,,,
,,,,,,,,Location,LOC_0049,Cary,United States,North America,,,,
,,,,,,,,Location,LOC_0157,Overland Park,United States,North America,,,,
,,,,,,,,Location,LOC_0036,Brookfield,United States,North America,,,,
,,,,,,,,Location,LOC_0011,Athens,Greece,Europe,,,,
,,,,,,,,Location,LOC_0010,Astana,Kazakhstan,Asia Pacific,,,,
,,,,,,,,Location,LOC_0150,North West,United Kingdom,Europe,,,,
,,,,,,,,Location,LOC_0029,Berlin,Germany,Europe,,,,
,,,,,,,,Location,LOC_0247,Washington,United States,North America,,,,
,,,,,,,,Location,LOC_0032,Boston,United States,North America,,,,
,,,,,,,,Location,LOC_0153,Orlando,United States,North America,,,,
,,,,,,,,Location,LOC_0014,Austin,United States,North America,,,,
,,,,,,,,Location,LOC_0034,Brisbane,Australia,Asia Pacific,,,,
,,,,,,,,Location,LOC_0181,Salt Lake City,United States,North America,,,,
,,,,,,,,Location,LOC_0241,Vancouver,Canada,North America,,,,
,,,,,,,,Location,LOC_0071,Edinburgh,United Kingdom,Europe,,,,
,,,,,,,,Location,LOC_0202,Swords,Ireland,Europe,,,,
,,,,,,,,Location,LOC_0069,Dublin,Ireland,Europe,,,,
,,,,,,,,Location,LOC_0089,Hursley,United Kingdom,Europe,,,,
,,,,,,,,Location,LOC_0180,Sacramento,United States,North America,,,,
,,,,,,,,Location,LOC_0045,Cambridge,United Kingdom,Europe,,,,
,,,,,,,,Location,LOC_0056,Cherry Hill,United States,North America,,,,
,,,,,,,,Location,LOC_0245,Warrington,United Kingdom,Europe,,,,
,,,,,,,,Location,LOC_0218,Unknown,France,Europe,,,,
,,,,,,,,Location,LOC_0066,Douala,Cameroon,Middle East & Africa,,,,
,,,,,,,,Location,LOC_0225,Unknown,Jordan,Other,,,,
,,,,,,,,Location,LOC_0110,Lagos,Nigeria,Middle East & Africa,,,,
,,,,,,,,Location,LOC_0005,Amman,Jordan,Other,,,,
,,,,,,,,Location,LOC_0050,Cebu City,Philippines,Asia Pacific,,,,
,,,,,,,,Location,LOC_0025,Belle Isle,United States,North America,,,,
,,,,,,,,Location,LOC_0024,Belgrade,Serbia,Other,,,,
,,,,,,,,Location,LOC_0013,Auckland,New Zealand,Other,,,,
,,,,,,,,Location,LOC_0177,Riyadh,Saudi Arabia,Other,,,,
,,,,,,,,Location,LOC_0213,Uk,United Kingdom,Europe,,,,
,,,,,,,,Location,LOC_0131,Melbourne,Australia,Asia Pacific,,,,
,,,,,,,,Location,LOC_0027,Bengaluru,India,Asia Pacific,,,,
,,,,,,,,Location,LOC_0113,Leeds,United Kingdom,Europe,,,,
,,,,,,,,Location,LOC_0203,Sydney,Australia,Asia Pacific,,,,
,,,,,,,,Location,LOC_0052,Chalcis,Greece,Europe,,,,
,,,,,,,,Location,LOC_0009,Arlington,United States,North America,,,,
,,,,,,,,Location,LOC_0098,Jeddah,Saudi Arabia,Other,,,,
,,,,,,,,Location,LOC_0126,Manchester,United Kingdom,Europe,,,,
,,,,,,,,Location,LOC_0109,Kuwait City,Kuwait,Middle East & Africa,,,,
,,,,,,,,Location,LOC_0063,Delhi,India,Asia Pacific,,,,
,,,,,,,,Location,LOC_0212,Toronto,Canada,North America,,,,
,,,,,,,,Location,LOC_0042,Cairo,Egypt,Other,,,,
,,,,,,,,Location,LOC_0043,Calgary,Canada,North America,,,,
,,,,,,,,Location,LOC_0148,New York,United States,North America,,,,
,,,,,,,,Location,LOC_0182,San Antonio,United States,North America,,,,
,,,,,,,,Location,LOC_0227,Unknown,Philippines,Asia Pacific,,,,
,,,,,,,,Location,LOC_0078,Fort Worth,United States,North America,,,,
,,,,,,,,Location,LOC_0152,Obajana,Nigeria,Middle East & Africa,,,,
,,,,,,,,Location,LOC_0007,Anfa-Casablanca,Morocco,Other,,,,
,,,,,,,,Location,LOC_0140,Montreal,Canada,North America,,,,
,,,,,,,,Location,LOC_0137,Milan,Italy,Europe,,,,
,,,,,,,,Location,LOC_0195,Sofia,Bulgaria,Other,,,,
,,,,,,,,Location,LOC_0081,Golden,United States,North America,,,,
,,,,,,,,Location,LOC_0068,Dubai,United Arab Emirates,Other,,,,
,,,,,,,,Location,LOC_0167,Phra Khanong,Thailand,Other,,,,
,,,,,,,,Location,LOC_0060,Concord,United States,North America,,,,
,,,,,,,,Location,LOC_0035,Bristol,United Kingdom,Europe,,,,
,,,,,,,,Location,LOC_0004,Amarillo,United States,North America,,,,
,,,,,,,,Location,LOC_0097,Jakarta,Indonesia,Other,,,,
,,,,,,,,Location,LOC_0243,Virginia Beach,United States,North America,,,,
,,,,,,,,Location,LOC_0023,Barlborough,United Kingdom,Europe,,,,
,,,,,,,,Location,LOC_0134,Mexico City,Mexico,North America,,,,
,,,,,,,,Location,LOC_0194,Singapore,Singapore,Other,,,,
,,,,,,,,Location,LOC_0222,Unknown,India,Asia Pacific,,,,
,,,,,,,,Location,LOC_0252,Witney,United Kingdom,Europe,,,,
,,,,,,,,Location,LOC_0084,Gurugram,India,Asia Pacific,,,,
,,,,,,,,Location,LOC_0206,Tampa,United States,North America,,,,
,,,,,,,,Location,LOC_0254,Wrocław,Poland,Other,,,,
,,,,,,,,Location,LOC_0176,Ridgefield Park,United States,North America,,,,
,,,,,,,,Location,LOC_0062,Dallas,United States,North America,,,,
,,,,,,,,Location,LOC_0183,San Francisco,United States,North America,,,,
,,,,,,,,Location,LOC_0231,Unknown,Spain,Europe,,,,
,,,,,,,,Location,LOC_0142,Mumbai,India,Asia Pacific,,,,
,,,,,,,,Location,LOC_0038,Brussels,Belgium,Other,,,,
,,,,,,,,Location,LOC_0057,Chicago,United States,North America,,,,
,,,,,,,,Location,LOC_0103,Kathmandu,Nepal,Other,,,,
,,,,,,,,Location,LOC_0219,Unknown,Germany,Europe,,,,
,,,,,,,,Location,LOC_0207,Tangier,Morocco,Other,,,,
,,,,,,,,Location,LOC_0193,Shibuya,Japan,Asia Pacific,,,,
,,,,,,,,Location,LOC_0112,Leawood,United States,North America,,,,
,,,,,,,,Location,LOC_0163,Paris,France,Europe,,,,
,,,,,,,,Location,LOC_0190,Seoul,Republic Of,Other,,,,
,,,,,,,,Location,LOC_0216,Unknown,Canada,North America,,,,
,,,,,,,,Location,LOC_0220,Unknown,Greece,Europe,,,,
,,,,,,,,Location,LOC_0172,Pune,India,Asia Pacific,,,,
,,,,,,,,Location,LOC_0127,Mandaluyong,Philippines,Asia Pacific,,,,
,,,,,,,,Location,LOC_0020,Bangalore,India,Asia Pacific,,,,
,,,,,,,,Location,LOC_0162,Palo Alto,United States,North America,,,,
,,,,,,,,Location,LOC_0118,Los Angeles,United States,North America,,,,
,,,,,,,,Location,LOC_0158,Oxford,United Kingdom,Europe,,,,
,,,,,,,,Location,LOC_0037,Brooklyn,United States,North America,,,,
,,,,,,,,Location,LOC_0215,Unknown,Brazil,Other,,,,
,,,,,,,,Location,LOC_0149,Newcastle,Australia,Asia Pacific,,,,
,,,,,,,,Location,LOC_0080,Ghent,Belgium,Other,,,,
,,,,,,,,Location,LOC_0138,Minato City,Japan,Asia Pacific,,,,
,,,,,,,,Location,LOC_0115,Liverpool,United Kingdom,Europe,,,,
,,,,,,,,Location,LOC_0028,Berchem,Belgium,Other,,,,
,,,,,,,,Location,LOC_0164,Pasig,Philippines,Asia Pacific,,,,
,,,,,,,,Location,LOC_0090,Hyderabad,India,Asia Pacific,,,,
,,,,,,,,Location,LOC_0135,Miami,United States,North America,,,,
,,,,,,,,Location,LOC_0210,Tel Aviv-Yafo,Israel,Other,,,,
,,,,,,,,Location,LOC_0001,Aiea,United States,North America,,,,
,,,,,,,,Location,LOC_0000,Ahmedabad,India,Asia Pacific,,,,
,,,,,,,,Location,LOC_0232,Unknown,Switzerland,Other,,,,
,,,,,,,,Location,LOC_0125,Malmö,Sweden,Other,,,,
,,,,,,,,Location,LOC_0058,Coimbra,Portugal,Other,,,,
,,,,,,,,Location,LOC_0108,Kuala Lumpur,Malaysia,Other,,,,
,,,,,,,,Location,LOC_0003,Alpharetta,United States,North America,,,,
,,,,,,,,Location,LOC_0021,Bangkok,Thailand,Other,,,,
,,,,,,,,Location,LOC_0196,South Jakarta,Indonesia,Other,,,,
,,,,,,,,Location,LOC_0256,İstanbul,Turkey,Other,,,,
,,,,,,,,Location,LOC_0085,Heidelberg,Germany,Europe,,,,
,,,,,,,,Location,LOC_0087,Houston,United States,North America,,,,
,,,,,,,,Location,LOC_0173,Reading,United Kingdom,Europe,,,,
,,,,,,,,Location,LOC_0111,Lakewood,United States,North America,,,,
,,,,,,,,Location,LOC_0033,Boulder,United States,North America,,,,
,,,,,,,,Location,LOC_0198,Stamford,United States,North America,,,,
,,,,,,,,Location,LOC_0205,Taipei,Taiwan,Other,,,,
,,,,,,,,Location,LOC_0119,Louisville,United States,North America,,,,
,,,,,,,,Location,LOC_0075,Federal Territory Of Kuala Lumpur,Malaysia,Other,,,,
,,,,,,,,Location,LOC_0012,Atlanta,United States,North America,,,,
,,,,,,,,Location,LOC_0096,Issy-Les-Moulineaux,France,Europe,,,,
,,,,,,,,Location,LOC_0249,West Jakarta,Indonesia,Other,,,,
,,,,,,,,Location,LOC_0229,Unknown,Singapore,Other,,,,
,,,,,,,,Location,LOC_0099,Jersey City,United States,North America,,,,
,,,,,,,,Location,LOC_0114,Lisbon,Portugal,Other,,,,
,,,,,,,,Location,LOC_0053,Charlotte,United States,North America,,,,
,,,,,,,,Location,LOC_0244,Walnut Creek,United States,North America,,,,
,,,,,,,,Location,LOC_0120,Lusaka,Zambia,Other,,,,
,,,,,,,,Location,LOC_0054,Cheltenham Or Bristol Or London,United Kingdom,Europe,,,,
,,,,,,,,Location,LOC_0191,Seville,Spain,Europe,,,,
,,,,,,,,Location,LOC_0019,Bambey,Senegal,Other,,,,
,,,,,,,,Location,LOC_0146,New Delhi,India,Asia Pacific,,,,
,,,,,,,,Location,LOC_0143,Málaga,Spain,Europe,,,,
,,,,,,,,Location,LOC_0192,Sheffield,United Kingdom,Europe,,,,
,,,,,,,,Location,LOC_0061,Copenhagen,Denmark,Other,,,,
,,,,,,,,Location,LOC_0250,Westfield,United States,North America,,,,
,,,,,,,,Location,LOC_0016,Baghdad,Iraq,Other,,,,
,,,,,,,,Location,LOC_0017,Bakersfield,United States,North America,,,,
,,,,,,,,Location,LOC_0092,Indianapolis,United States,North America,,,,
,,,,,,,,Location,LOC_0079,Freetown,Sierra Leone,Other,,,,
,,,,,,,,Location,LOC_0185,San Leandro,United States,North America,,,,
,,,,,,,,Location,LOC_0046,Canary Wharf,United Kingdom,Europe,,,,
,,,,,,,,Location,LOC_0178,Rockville,United States,North America,,,,
,,,,,,,,Location,LOC_0214,Unknown,Australia,Asia Pacific,,,,
,,,,,,,,Location,LOC_0237,Unknown,Vietnam,Other,,,,
,,,,,,,,Location,LOC_0239,Uxbridge,United Kingdom,Europe,,,,
,,,,,,,,Location,LOC_0093,Industrial Area,Qatar,Other,,,,
,,,,,,,,Location,LOC_0008,Arizona,United States,North America,,,,
,,,,,,,,Location,LOC_0184,San José,Costa Rica,Other,,,,
,,,,,,,,Location,LOC_0169,Port Harcourt,Nigeria,Middle East & Africa,,,,
,,,,,,,,Location,LOC_0077,Fort Myers,United States,North America,,,,
,,,,,,,,Location,LOC_0128,Manila,Philippines,Asia Pacific,,,,
,,,,,,,,Location,LOC_0059,Coldstream,Australia,Asia Pacific,,,,
,,,,,,,,Location,LOC_0044,California,United States,North America,,,,
,,,,,,,,Location,LOC_0065,Dhahran,Saudi Arabia,Other,,,,
,,,,,,,,Location,LOC_0051,Central Jakarta,Indonesia,Other,,,,
,,,,,,,,Location,LOC_0165,Pekanbaru,Indonesia,Other,,,,
,,,,,,,,Location,LOC_0168,Piraeus,Greece,Europe,,,,
,,,,,,,,Location,LOC_0189,Seattle,United States,North America,,,,
,,,,,,,,Location,LOC_0159,Paddington,United Kingdom,Europe,,,,
,,,,,,,,Location,LOC_0179,Rosslyn,United States,North America,,,,
,,,,,,,,Location,LOC_0144,Ndola,Zambia,Other,,,,
,,,,,,,,Location,LOC_0242,Victoria,United Kingdom,Europe,,,,
,,,,,,,,Location,LOC_0132,Mesa,United States,North America,,,,
,,,,,,,,Location,LOC_0086,Ho Chi Minh City,Vietnam,Other,,,,
,,,,,,,,Location,LOC_0091,Ilorin,Nigeria,Middle East & Africa,,,,
,,,,,,,,Location,LOC_0116,London,Canada,North America,,,,
,,,,,,,,Location,LOC_0067,Downingtown,United States,North America,,,,
,,,,,,,,Location,LOC_0139,Monterey,United States,North America,,,,
,,,,,,,,Location,LOC_0074,Erie,United States,North America,,,,
,,,,,,,,Location,LOC_0255,Zürich,Switzerland,Other,,,,
,,,,,,,,Location,LOC_0187,Santa Ana,United States,North America,,,,
,,,,,,,,Location,LOC_0106,Kissimmee,United States,North America,,,,
,,,,,,,,Location,LOC_0154,Ota,Nigeria,Middle East & Africa,,,,
,,,,,,,,Location,LOC_0166,Perth,Australia,Asia Pacific,,,,
,,,,,,,,Location,LOC_0200,Suginami,Japan,Asia Pacific,,,,
,,,,,,,,Location,LOC_0170,Portland,United States,North America,,,,
,,,,,,,,Location,LOC_0136,Middlebury,United States,North America,,,,
,,,,,,,,Location,LOC_0145,New Cairo City,Egypt,Other,,,,
,,,,,,,,Location,LOC_0030,Birmingham,United Kingdom,Europe,,,,
,,,,,,,,Location,LOC_0160,Paiania,Greece,Europe,,,,
,,,,,,,,Location,LOC_0039,Bruxelles,Belgique,Other,,,,
,,,,,,,,Location,LOC_0101,Kallithea,Greece,Europe,,,,
,,,,,,,,Location,LOC_0204,Taguig,Philippines,Asia Pacific,,,,
,,,,,,,,Location,LOC_0240,Valley Stream,United States,North America,,,,
,,,,,,,,Location,LOC_0129,Mathern,United Kingdom,Europe,,,,
,,,,,,,,Location,LOC_0133,Metro Manila,Philippines,Asia Pacific,,,,
,,,,,,,,Location,LOC_0107,Knutsford,United Kingdom,Europe,,,,
,,,,,,,,Location,LOC_0123,Madrid,Spain,Europe,,,,
,,,,,,,,Location,LOC_0186,San Pedro Sula,Honduras,Other,,,,
,,,,,,,,Location,LOC_0018,Baltimore,United States,North America,,,,
,,,,,,,,Location,LOC_0040,Bulverde,United States,North America,,,,
,,,,,,,,Location,LOC_0188,Scottsdale,United States,North America,,,,
,,,,,,,,Location,LOC_0208,Tehran,Islamic Republic Of,Other,,,,
,,,,,,,,Location,LOC_0141,Montréal,Canada,North America,,,,
,,,,,,,,Location,LOC_0047,Cape Town,South Africa,Other,,,,
,,,,,,,,Location,LOC_0175,Redmond,United States,North America,,,,
,,,,,,,,Location,LOC_0199,Stockholm,Sweden,Other,,,,
,,,,,,,,Location,LOC_0041,Burlingame,United States,North America,,,,
,,,,,,,,Location,LOC_0076,Florianópolis,Brazil,Other,,,,
,,,,,,,,Location,LOC_0230,Unknown,South Africa,Other,,,,
,,,,,,,,Location,LOC_0070,Durban,South Africa,Other,,,,
,,,,,,,,Location,LOC_0048,Cardiff,United Kingdom,Europe,,,,
,,,,,,,,Location,LOC_0072,Eindhoven,Netherlands,Other,,,,
,,,,,,,,Location,LOC_0105,Kingwood,United States,North America,,,,
,,,,,,,,Location,LOC_0197,Southampton,United Kingdom,Europe,,,,
,,,,,,,,Location,LOC_0156,Oulu,Finland,Other,,,,
,,,,,,,,Location,LOC_0104,Kent,United States,North America,,,,
,,,,,,,,Location,LOC_0015,Austinmer,Australia,Asia Pacific,,,,
,,,,,,,,Location,LOC_0102,Karachi,Pakistan,Asia Pacific,,,,
,,,,,,,,Location,LOC_0209,Tel Aviv,Israel,Other,,,,
,,,,,,,,Location,LOC_0155,Ottawa,Canada,North America,,,,
,,,,,,,,Location,LOC_0211,Texas,United States,North America,,,,
,,,,,,,,Location,LOC_0251,Wilayah Persekutuan,Malaysia,Other,,,,
,,,,,,,,Location,LOC_0201,Suginami City,Japan,Asia Pacific,,,,
,,,,,,,,Location,LOC_0236,Unknown,Uruguay,Other,,,,
,,,,,,,,Location,LOC_0171,Porto,Portugal,Other,,,,
,,,,,,,,Location,LOC_0100,Johannesburg South,South Africa,Other,,,,
,,,,,,,,Location,LOC_0233,Unknown,Ukraine,Other,,,,
,,,,,,,,Location,LOC_0055,Chennai,India,Asia Pacific,,,,
,,,,,,,,Location,LOC_0130,Mechelen,Belgium,Other,,,,
,,,,,,,,Location,LOC_0095,Issaquah,United States,North America,,,,
,,,,,,,,Location,LOC_0082,Guadalajara,Mexico,North America,,,,
,,,,,,,,Location,LOC_0253,Wollongong,Australia,Asia Pacific,,,,
,,,,,,,,Location,LOC_0031,Bogotá,Colombia,Other,,,,
,,,,,,,,Location,LOC_0026,Bellville,South Africa,Other,,,,
,,,,,,,,Location,LOC_0223,Unknown,Indonesia,Other,,,,
,,,,,,,,Location,LOC_0122,Maadi,Egypt,Other,,,,
,,,,,,,,Location,LOC_0174,Recife,Brazil,Other,,,,
,,,,,,,,Location,LOC_0088,Hove,United Kingdom,Europe,,,,
,,,,,,,,Location,LOC_0161,Palm Beach Gardens,United States,North America,,,,
,,,,,,,,Location,LOC_0022,Barcelona,Spain,Europe,,,,
,,,,,,,,Location,LOC_0224,Unknown,Japan,Asia Pacific,,,,
,,,,,,,,Location,LOC_0217,Unknown,China,Asia Pacific,,,,
,,,,,,,,Location,LOC_0083,Guildford,United Kingdom,Europe,,,,
,,,,,,,,Location,LOC_0226,Unknown,Peru,Other,,,,
,,,,,,,,Location,LOC_0151,North York,Canada,North America,,,,
,,,,,,,,Location,LOC_0221,Unknown,Hong Kong,Other,,,,
,,,,,,,,Location,LOC_0121,Lyon,France,Europe,,,,
,,,,,,,,Location,LOC_0228,Unknown,Portugal,Other,,,,
,,,,,,,,Location,LOC_0064,Denver,United States,North America,,,,
,,,,,,,,Location,LOC_0147,New Haven,United States,North America,,,,
,,,,,,,,Location,LOC_0246,Warsaw,Poland,Other,,,,
,,,,,,,,Location,LOC_0238,Uttoxeter,United Kingdom,Europe,,,,
,,,,,,,,Location,LOC_0248,Wellington,New Zealand,Other,,,,
,,,,,,,,Location,LOC_0073,England,United Kingdom,Europe,,,,
,,,,,,,,Location,LOC_0006,Amsterdam,Netherlands,Other,,,,
,,,,,,,,Department,,,,,DEPT_0166,Operations,Operations,
,,,,,,,,Department,,,,,DEPT_0021,Aux HQ,Other,
,,,,,,,,Department,,,,,DEPT_0173,PWC Technologies,Technology & Data,
,,,,,,,,Department,,,,,DEPT_0049,"Consultants, Advisory",Consulting & Advisory,
,,,,,,,,Department,,,,,DEPT_0037,Change & Innovation,Other,
,,,,,,,,Department,,,,,DEPT_0075,"Data & Strategy, Performance Analytics",Technology & Data,
,,,,,,,,Department,,,,,DEPT_0047,Computer/Software,Technology & Data,
,,,,,,,,Department,,,,,DEPT_0053,Corporate Affairs,Other,
,,,,,,,,Department,,,,,DEPT_0240,Technology,Technology & Data,
,,,,,,,,Department,,,,,DEPT_0002,1 - Operations,Operations,
,,,,,,,,Department,,,,,DEPT_0050,Consulting,Consulting & Advisory,
,,,,,,,,Department,,,,,DEPT_0221,Security - Delivery,Technology & Data,
,,,,,,,,Department,,,,,DEPT_0074,"Data & Strategy, Digital Analytics",Technology & Data,
,,,,,,,,Department,,,,,DEPT_0066,DELIV1,Other,
,,,,,,,,Department,,,,,DEPT_0233,TECH,Technology & Data,
,,,,,,,,Department,,,,,DEPT_0038,Change+,Other,
,,,,,,,,Department,,,,,DEPT_0026,Business & Organization,Other,
,,,,,,,,Department,,,,,DEPT_0010,Account Team,Other,
,,,,,,,,Department,,,,,DEPT_0085,Delivery,Operations,
,,,,,,,,Department,,,,,DEPT_0137,Information Technology,Technology & Data,
,,,,,,,,Department,,,,,DEPT_0148,Labs,Other,
,,,,,,,,Department,,,,,DEPT_0079,Data Management,Technology & Data,
,,,,,,,,Department,,,,,DEPT_0019,"Australia Markets, Technical Services, Intelligence Workspace",Technology & Data,
,,,,,,,,Department,,,,,DEPT_0028,Business Management,HR & Management,
,,,,,,,,Department,,,,,DEPT_0031,"Business Services Professionals, Risk & Compliance",Risk & Compliance,
,,,,,,,,Department,,,,,DEPT_0126,HR,HR & Management,
,,,,,,,,Department,,,,,DEPT_0059,Credit Risk,Technology & Data,
,,,,,,,,Department,,,,,DEPT_0163,OPERATIONS,Operations,
,,,,,,,,Department,,,,,DEPT_0214,Ryanair Labs Dublin,Other,
,,,,,,,,Department,,,,,DEPT_0237,Tech+,Technology & Data,
,,,,,,,,Department,,,,,DEPT_0133,ITPM,Technology & Data,
,,,,,,,,Department,,,,,DEPT_0192,Product Delivery,Operations,
,,,,,,,,Department,,,,,DEPT_0257,Unspecified Department,Other,
,,,,,,,,Department,,,,,DEPT_0136,Information Systems,Other,
,,,,,,,,Department,,,,,DEPT_0084,Data+,Technology & Data,
,,,,,,,,Department,,,,,DEPT_0155,Marketing,Marketing & Sales,
,,,,,,,,Department,,,,,DEPT_0219,"Sales, OLX Oman Jordan",Marketing & Sales,
,,,,,,,,Department,,,,,DEPT_0015,Analytics,Technology & Data,
,,,,,,,,Department,,,,,DEPT_0110,Finance,Finance & Accounting,
,,,,,,,,Department,,,,,DEPT_0129,IMPLEMENTATIONS & DELIVERY,Operations,
,,,,,,,,Department,,,,,DEPT_0139,Insights,Other,
,,,,,,,,Department,,,,,DEPT_0045,Commercial,Other,
,,,,,,,,Department,,,,,DEPT_0185,Private Credit,Technology & Data,
,,,,,,,,Department,,,,,DEPT_0181,Platform Product,Other,
,,,,,,,,Department,,,,,DEPT_0210,Research Analysts,Other,
,,,,,,,,Department,,,,,DEPT_0131,IT,Technology & Data,
,,,,,,,,Department,,,,,DEPT_0264,Αθήνα,Other,
,,,,,,,,Department,,,,,DEPT_0093,Digital Services,Technology & Data,
,,,,,,,,Department,,,,,DEPT_0083,Data and Analytics,Technology & Data,
,,,,,,,,Department,,,,,DEPT_0092,Development and Technical,Technology & Data,
,,,,,,,,Department,,,,,DEPT_0013,Agility Logistics Parks,Technology & Data,
,,,,,,,,Department,,,,,DEPT_0006,59,Other,
,,,,,,,,Department,,,,,DEPT_0065,DCP - Operations,Operations,
,,,,,,,,Department,,,,,DEPT_0052,Corporate,Other,
,,,,,,,,Department,,,,,DEPT_0014,Analysis,Other,
,,,,,,,,Department,,,,,DEPT_0035,CX Operations,Operations,
,,,,,,,,Department,,,,,DEPT_0081,Data Science,Technology & Data,
,,,,,,,,Department,,,,,DEPT_0213,Risk Management,HR & Management,
,,,,,,,,Department,,,,,DEPT_0220,Science & Knowledge,Other,
,,,,,,,,Department,,,,,DEPT_0060,Customer Experience,Other,
,,,,,,,,Department,,,,,DEPT_0209,Research,Other,
,,,,,,,,Department,,,,,DEPT_0228,Structured Content,Other,
,,,,,,,,Department,,,,,DEPT_0227,Strategy & BI,Consulting & Advisory,
,,,,,,,,Department,,,,,DEPT_0017,Asset Management,HR & Management,
,,,,,,,,Department,,,,,DEPT_0226,Strategy,Consulting & Advisory,
,,,,,,,,Department,,,,,DEPT_0063,DCP - Finance & IT,Technology & Data,
,,,,,,,,Department,,,,,DEPT_0208,Related Services,Other,
,,,,,,,,Department,,,,,DEPT_0018,Associates,Other,
,,,,,,,,Department,,,,,DEPT_0128,Human Resources,Other,
,,,,,,,,Department,,,,,DEPT_0247,Technology/Data,Technology & Data,
,,,,,,,,Department,,,,,DEPT_0071,Data,Technology & Data,
,,,,,,,,Department,,,,,DEPT_0102,Engineering,Other,
,,,,,,,,Department,,,,,DEPT_0054,Corporate Strategy,Consulting & Advisory,
,,,,,,,,Department,,,,,DEPT_0024,"Bayut KSA, Internal Audit & Compliance",Technology & Data,
,,,,,,,,Department,,,,,DEPT_0032,Business Support,Other,
,,,,,,,,Department,,,,,DEPT_0164,One Research,Other,
,,,,,,,,Department,,,,,DEPT_0153,Management,HR & Management,
,,,,,,,,Department,,,,,DEPT_0218,Sales,Marketing & Sales,
,,,,,,,,Department,,,,,DEPT_0178,Permanent,Other,
,,,,,,,,Department,,,,,DEPT_0041,Client Services,Other,
,,,,,,,,Department,,,,,DEPT_0216,Ryanair Labs Wrocław,Other,
,,,,,,,,Department,,,,,DEPT_0043,Cloud Business Division,Other,
,,,,,,,,Department,,,,,DEPT_0217,SFW,Other,
,,,,,,,,Department,,,,,DEPT_0097,ENG,Other,
,,,,,,,,Department,,,,,DEPT_0154,"Market Unit International, MU Int India",Technology & Data,
,,,,,,,,Department,,,,,DEPT_0061,Customer Success,Other,
,,,,,,,,Department,,,,,DEPT_0068,DELIV4,Other,
,,,,,,,,Department,,,,,DEPT_0196,Product and Engineering,Other,
,,,,,,,,Department,,,,,DEPT_0162,NetNation,Other,
,,,,,,,,Department,,,,,DEPT_0253,UNIT 4,Technology & Data,
,,,,,,,,Department,,,,,DEPT_0265,🔵,Other,
,,,,,,,,Department,,,,,DEPT_0118,Game Testing,Other,
,,,,,,,,Department,,,,,DEPT_0241,Technology & Data,Technology & Data,
,,,,,,,,Department,,,,,DEPT_0262,epay,Other,
,,,,,,,,Department,,,,,DEPT_0255,United States (US),Technology & Data,
,,,,,,,,Department,,,,,DEPT_0202,"Qoala - Indonesia, Engineering, Core Engineering",Other,
,,,,,,,,Department,,,,,DEPT_0187,Product,Other,
,,,,,,,,Department,,,,,DEPT_0114,Fulfilment,Other,
,,,,,,,,Department,,,,,DEPT_0203,Quality Assurance & Test Engineering,Technology & Data,
,,,,,,,,Department,,,,,DEPT_0222,Service Desk,Other,
,,,,,,,,Department,,,,,DEPT_0252,UNIT 3,Technology & Data,
,,,,,,,,Department,,,,,DEPT_0132,IT Development,Technology & Data,
,,,,,,,,Department,,,,,DEPT_0169,Operations MY/AU,Operations,
,,,,,,,,Department,,,,,DEPT_0138,Infrastructure,Other,
,,,,,,,,Department,,,,,DEPT_0121,Global,Other,
,,,,,,,,Department,,,,,DEPT_0116,G & A,Other,
,,,,,,,,Department,,,,,DEPT_0191,Product & Technology,Technology & Data,
,,,,,,,,Department,,,,,DEPT_0090,DevSecOps,Other,
,,,,,,,,Department,,,,,DEPT_0076,Data Analytics & Research,Technology & Data,
,,,,,,,,Department,,,,,DEPT_0144,Job offer,Other,
,,,,,,,,Department,,,,,DEPT_0159,Mercari,Other,
,,,,,,,,Department,,,,,DEPT_0190,"Product & Tech, Core Engineering, Site Reliability Engineering",Technology & Data,
,,,,,,,,Department,,,,,DEPT_0152,Managed Services,Other,
,,,,,,,,Department,,,,,DEPT_0143,Jessica,Other,
,,,,,,,,Department,,,,,DEPT_0078,Data Engineering,Technology & Data,
,,,,,,,,Department,,,,,DEPT_0244,Technology Division,Technology & Data,
,,,,,,,,Department,,,,,DEPT_0254,UX Team,Other,
,,,,,,,,Department,,,,,DEPT_0073,Data & Analytics,Technology & Data,
,,,,,,,,Department,,,,,DEPT_0204,R&D,Other,
,,,,,,,,Department,,,,,DEPT_0160,Mission Support,Other,
,,,,,,,,Department,,,,,DEPT_0157,Media & Entertainment,Other,
,,,,,,,,Department,,,,,DEPT_0251,UK,Other,
,,,,,,,,Department,,,,,DEPT_0077,Data Engineer,Technology & Data,
,,,,,,,,Department,,,,,DEPT_0091,Development,Other,
,,,,,,,,Department,,,,,DEPT_0025,BizApps,Other,
,,,,,,,,Department,,,,,DEPT_0105,"Engineering, Software Development",Technology & Data,
,,,,,,,,Department,,,,,DEPT_0082,Data Solutions,Technology & Data,
,,,,,,,,Department,,,,,DEPT_0029,Business Operations,Operations,
,,,,,,,,Department,,,,,DEPT_0201,QR_AU - Engineering Services,Other,
,,,,,,,,Department,,,,,DEPT_0030,"Business Operations, Analytics & Data Science",Technology & Data,
,,,,,,,,Department,,,,,DEPT_0238,"Tech, Analytics, Product & Design",Technology & Data,
,,,,,,,,Department,,,,,DEPT_0001,1,Other,
,,,,,,,,Department,,,,,DEPT_0236,Tech,Technology & Data,
,,,,,,,,Department,,,,,DEPT_0022,"B2C, Sales",Marketing & Sales,
,,,,,,,,Department,,,,,DEPT_0223,Software Development,Technology & Data,
,,,,,,,,Department,,,,,DEPT_0261,Working Students / Internships,Other,
,,,,,,,,Department,,,,,DEPT_0044,"Cloud, Data Science & Informatics Services",Technology & Data,
,,,,,,,,Department,,,,,DEPT_0225,Strategic Projects,Other,
,,,,,,,,Department,,,,,DEPT_0242,Technology - Machine Learning,Technology & Data,
,,,,,,,,Department,,,,,DEPT_0182,Platform and Products,Other,
,,,,,,,,Department,,,,,DEPT_0259,WWC Global - BC,Other,
,,,,,,,,Department,,,,,DEPT_0115,FullTime,Other,
,,,,,,,,Department,,,,,DEPT_0023,BI,Other,
,,,,,,,,Department,,,,,DEPT_0117,GEK TERNA / ICT,Other,
,,,,,,,,Department,,,,,DEPT_0042,Climate,Other,
,,,,,,,,Department,,,,,DEPT_0232,Sustainable Agrifood Systems (SAS),Other,
,,,,,,,,Department,,,,,DEPT_0000,050000 Engineering,Other,
,,,,,,,,Department,,,,,DEPT_0140,International BU,Other,
,,,,,,,,Department,,,,,DEPT_0095,Dryland Crops Program,Other,
,,,,,,,,Department,,,,,DEPT_0072,Data & AI,Technology & Data,
,,,,,,,,Department,,,,,DEPT_0231,"Supply Chain, Quality & Product Safety",Technology & Data,
,,,,,,,,Department,,,,,DEPT_0009,Academic Instruction,Other,
,,,,,,,,Department,,,,,DEPT_0195,Product and Design,Other,
,,,,,,,,Department,,,,,DEPT_0040,Client Fulfillment,Other,
,,,,,,,,Department,,,,,DEPT_0165,Open Source,Other,
,,,,,,,,Department,,,,,DEPT_0170,Operations SG,Operations,
,,,,,,,,Department,,,,,DEPT_0212,Research and Development,Other,
,,,,,,,,Department,,,,,DEPT_0109,Field Services,Other,
,,,,,,,,Department,,,,,DEPT_0158,Media Planning,Other,
,,,,,,,,Department,,,,,DEPT_0104,"Engineering, Data Engineering",Technology & Data,
,,,,,,,,Department,,,,,DEPT_0111,Food & Environment,Other,
,,,,,,,,Department,,,,,DEPT_0188,Product & Engineering,Other,
,,,,,,,,Department,,,,,DEPT_0186,Private Schools,Other,
,,,,,,,,Department,,,,,DEPT_0120,General,Other,
,,,,,,,,Department,,,,,DEPT_0055,Corporate support,Other,
,,,,,,,,Department,,,,,DEPT_0147,LS&S HQ,Other,
,,,,,,,,Department,,,,,DEPT_0034,CX Delivery (Managed & Guided Implementations),Operations,
,,,,,,,,Department,,,,,DEPT_0012,"Africa, Programs",Other,
,,,,,,,,Department,,,,,DEPT_0099,Electrical,Other,
,,,,,,,,Department,,,,,DEPT_0134,India,Other,
,,,,,,,,Department,,,,,DEPT_0124,HERON / ENERGY MANAGEMENT,HR & Management,
,,,,,,,,Department,,,,,DEPT_0177,"People, People",Other,
,,,,,,,,Department,,,,,DEPT_0087,Design and Development,Other,
,,,,,,,,Department,,,,,DEPT_0048,Construction,Other,
,,,,,,,,Department,,,,,DEPT_0150,Legal VA,Other,
,,,,,,,,Department,,,,,DEPT_0260,Winery,Other,
,,,,,,,,Department,,,,,DEPT_0234,Talent,Other,
,,,,,,,,Department,,,,,DEPT_0123,HCM,Other,
,,,,,,,,Department,,,,,DEPT_0008,AYANA Jakarta,Other,
,,,,,,,,Department,,,,,DEPT_0175,People & Culture,Other,
,,,,,,,,Department,,,,,DEPT_0193,Product Design,Other,
,,,,,,,,Department,,,,,DEPT_0127,HR+T,HR & Management,
,,,,,,,,Department,,,,,DEPT_0125,"HQ - Shared Services, HR",HR & Management,
,,,,,,,,Department,,,,,DEPT_0145,"Keywords India, HR",HR & Management,
,,,,,,,,Department,,,,,DEPT_0122,Growth + Marketing,Marketing & Sales,
,,,,,,,,Department,,,,,DEPT_0064,DCP - HR,HR & Management,
,,,,,,,,Department,,,,,DEPT_0098,Editorial,Technology & Data,
,,,,,,,,Department,,,,,DEPT_0176,People Operations & Admin,Operations,
,,,,,,,,Department,,,,,DEPT_0033,"CCRES Behavioral Health Services, Home & Community Services (Intensive Behavioral Health Services)",Technology & Data,
,,,,,,,,Department,,,,,DEPT_0230,"Student, Presidents Office - Student Employee, 1107 - MIDD KWDCCT-Rural Vermont Responses - Student Employee",Other,
,,,,,,,,Department,,,,,DEPT_0198,Production,Other,
,,,,,,,,Department,,,,,DEPT_0107,Eriez,Other,
,,,,,,,,Department,,,,,DEPT_0197,Product and technology,Technology & Data,
,,,,,,,,Department,,,,,DEPT_0172,Osceola,Other,
,,,,,,,,Department,,,,,DEPT_0046,"Communications, Diversity & Inclusion",Technology & Data,
,,,,,,,,Department,,,,,DEPT_0070,Dangote Industries Limited,Technology & Data,
,,,,,,,,Department,,,,,DEPT_0062,Customer Support,Other,
,,,,,,,,Department,,,,,DEPT_0229,"Student, Finance and Administration - Student Employee, Human Resources - Student Employee, 1304 - Human Resources - Student Employee",Finance & Accounting,
,,,,,,,,Department,,,,,DEPT_0205,Recruiting,Technology & Data,
,,,,,,,,Department,,,,,DEPT_0004,22,Other,
,,,,,,,,Department,,,,,DEPT_0036,Central Services,Other,
,,,,,,,,Department,,,,,DEPT_0100,"Energy Sector, M Energy Customer Solutions",Other,
,,,,,,,,Department,,,,,DEPT_0161,Nationally Recruited Staff,Technology & Data,
,,,,,,,,Department,,,,,DEPT_0174,People,Other,
,,,,,,,,Department,,,,,DEPT_0168,Operations LAX,Operations,
,,,,,,,,Department,,,,,DEPT_0167,"Operations & Finance, People",Operations,
,,,,,,,,Department,,,,,DEPT_0141,International Division,Other,
,,,,,,,,Department,,,,,DEPT_0039,"Client Delivery, Digital Transformation",Technology & Data,
,,,,,,,,Department,,,,,DEPT_0248,The Canadian Press,Other,
,,,,,,,,Department,,,,,DEPT_0171,"Operations, Sales",Operations,
,,,,,,,,Department,,,,,DEPT_0207,Ref: 117,Other,
,,,,,,,,Department,,,,,DEPT_0249,Tier 2 PH,Other,
,,,,,,,,Department,,,,,DEPT_0199,Professional Services,Other,
,,,,,,,,Department,,,,,DEPT_0112,Freelance Recruiters :D,Technology & Data,
,,,,,,,,Department,,,,,DEPT_0130,INTERNAL,Other,
,,,,,,,,Department,,,,,DEPT_0020,Autonomy Products,Other,
,,,,,,,,Department,,,,,DEPT_0149,Legal,Other,
,,,,,,,,Department,,,,,DEPT_0245,Technology Tribe,Technology & Data,
,,,,,,,,Department,,,,,DEPT_0184,Portfolio Company Community,Technology & Data,
,,,,,,,,Department,,,,,DEPT_0108,Federal Civilian,Other,
,,,,,,,,Department,,,,,DEPT_0094,Digital Solutions,Technology & Data,
,,,,,,,,Department,,,,,DEPT_0096,Développement Logiciel,Other,
,,,,,,,,Department,,,,,DEPT_0135,"InfoTrack US, Technology",Technology & Data,
,,,,,,,,Department,,,,,DEPT_0067,DELIV2,Other,
,,,,,,,,Department,,,,,DEPT_0101,"Engine, Engineering, Software Engineering",Technology & Data,
,,,,,,,,Department,,,,,DEPT_0089,DevOps,Other,
,,,,,,,,Department,,,,,DEPT_0151,MMR Research Worldwide,Other,
,,,,,,,,Department,,,,,DEPT_0246,"Technology, Engineering, Software Engineering, Software Engineering",Technology & Data,
,,,,,,,,Department,,,,,DEPT_0007,68,Other,
,,,,,,,,Department,,,,,DEPT_0256,University Value,Technology & Data,
,,,,,,,,Department,,,,,DEPT_0106,"Engineering, Software Engineering",Technology & Data,
,,,,,,,,Department,,,,,DEPT_0146,Kingwood,Other,
,,,,,,,,Department,,,,,DEPT_0180,Platform,Other,
,,,,,,,,Department,,,,,DEPT_0239,Technologie,Technology & Data,
,,,,,,,,Department,,,,,DEPT_0179,Placement,Other,
,,,,,,,,Department,,,,,DEPT_0224,Software Engineering,Technology & Data,
,,,,,,,,Department,,,,,DEPT_0103,Engineering and Design,Other,
,,,,,,,,Department,,,,,DEPT_0250,Trading,Other,
,,,,,,,,Department,,,,,DEPT_0243,Technology - dubizzle labs,Technology & Data,
,,,,,,,,Department,,,,,DEPT_0142,Israel,Other,
,,,,,,,,Department,,,,,DEPT_0005,35,Other,
,,,,,,,,Department,,,,,DEPT_0069,Dancom Technologies Limited,Technology & Data,
,,,,,,,,Department,,,,,DEPT_0119,Game development,Other,
,,,,,,,,Department,,,,,DEPT_0215,Ryanair Labs Portugal,Other,
,,,,,,,,Department,,,,,DEPT_0003,2023,Other,
,,,,,,,,Department,,,,,DEPT_0194,Product Development,Other,
,,,,,,,,Department,,,,,DEPT_0080,"Data Management, IT Governance",Technology & Data,
,,,,,,,,Department,,,,,DEPT_0263,information Technology,Technology & Data,
,,,,,,,,Department,,,,,DEPT_0113,Freelancer.com,Other,
,,,,,,,,Department,,,,,DEPT_0189,Product & Operations,Operations,
,,,,,,,,Department,,,,,DEPT_0086,Design,Other,
,,,,,,,,Department,,,,,DEPT_0206,Recruiting Team,Technology & Data,
,,,,,,,,Department,,,,,DEPT_0088,"Design, Design UK",Other,
,,,,,,,,Department,,,,,DEPT_0011,Active Pooling,Other,
,,,,,,,,Department,,,,,DEPT_0016,Art,Other,
,,,,,,,,Department,,,,,DEPT_0058,Creative Team,Other,
,,,,,,,,Department,,,,,DEPT_0056,Create Talent Community,Technology & Data,
,,,,,,,,Department,,,,,DEPT_0200,Programming,Other,
,,,,,,,,Department,,,,,DEPT_0235,"Talent Pools, Product & Tech",Technology & Data,
,,,,,,,,Department,,,,,DEPT_0211,Research Division,Other,
,,,,,,,,Department,,,,,DEPT_0183,"Poland, Engineering, PL",Other,
,,,,,,,,Department,,,,,DEPT_0258,Visual Experience Design,Other,
,,,,,,,,Department,,,,,DEPT_0027,"Business Growth, Marketing & Product",Marketing & Sales,
,,,,,,,,Department,,,,,DEPT_0057,Creative,Other,
,,,,,,,,Department,,,,,DEPT_0051,Content,Other,
,,,,,,,,Department,,,,,DEPT_0156,"Marketing, Communications and Events",Marketing & Sales,
,Business Analyst,,,,,,,Category,,,,,,,,CAT_000
,Cloud,,,,,,,Category,,,,,,,,CAT_001
,Data Scientist,,,,,,,Category,,,,,,,,CAT_002
,Hr,,,,,,,Category,,,,,,,,CAT_003
,Software Developer,,,,,,,Category,,,,,,,,CAT_004
,Ui/Ux,,,,,,,Category,,,,,,,,CAT_005
